ENTITY_ID,EMAIL,CITY,AMOUNT,STATUS,ORDER_DATE,record_id
ORDERS-00000000,laurentnicole@example.com,Dieburg,3197.49,new,2025-04-06,S3-000000000
ORDERS-00000001,mauryaudrey@example.org,Fürstenwalde,3708.01,new,2025-09-10,S3-000000001
ORDERS-00000002,guilbertlouis@example.net,Humbert-sur-Mer,1116.83,error,2025-10-12,S3-000000002
ORDERS-00000003,blakeerik@example.com,Ericmouth,513.37,error,2025-04-03,S3-000000003
ORDERS-00000004,howardmaurice@example.com,Pinneberg,4461.01,new,2026-02-19,S3-000000004
ORDERS-00000005,arnoldmaria@example.net,Lake Chad,2952.87,new,2025-05-25,S3-000000005
ORDERS-00000006,wyattmichelle@example.com,Reidstad,149.96,new,,S3-000000006
ORDERS-00000007,elizabethmiles@example.net,Saint Élisabeth-sur-Mer,1164.07,,2025-08-24,S3-000000007
ORDERS-00000008,veronica83@example.net,East Lydiamouth,133.65,new,2025-06-09,S3-000000008
ORDERS-00000009,sigridrosenow@example.net,Lake Victor,3580.38,error,2025-08-23,S3-000000009
ORDERS-00000010,fredo38@example.net,Hurstfurt,2725.16,new,2025-05-22,S3-000000010
,wconradi@example.org,Sebnitz,2246.6,ok,2025-12-30,S3-000000011
ORDERS-00000012,egodard@example.com,Riceside,4047.34,new,2025-11-17,S3-000000012
ORDERS-00000013,normandelise@example.com,,3794.28,new,2025-08-13,S3-000000013
,uadler@example.net,New Rita,3491.0,ok,2025-06-21,S3-000000014
ORDERS-00000015,honorebesson@example.org,Martinboeuf,1390.08,new,2025-03-05,S3-000000015
ORDERS-00000016,priska43@example.org,Borna,4786.11,ok,2025-09-02,S3-000000016
ORDERS-00000017,fernandosorgatz@example.com,,511.95,ok,2026-01-30,S3-000000017
ORDERS-00000018,ilecomte@example.net,Delannoy,484.49,ok,2025-07-30,S3-000000018
ORDERS-00000019,brigitte87@example.org,Belzig,3019.03,new,2025-03-06,S3-000000019
ORDERS-00000020,jacquelinevasseur@example.org,Geldern,3648.93,error,2026-02-12,S3-000000020
ORDERS-00000021,christos83@example.com,Benoit-les-Bains,625.01,ok,2026-02-24,S3-000000021
,yberger@example.com,North Collin,394.92,ok,2025-07-13,S3-000000022
ORDERS-00000023,uowens@example.org,,4147.19,error,2025-06-02,S3-000000023
ORDERS-00000024,apolloniameister@example.org,West Steven,4427.37,ok,2025-08-17,S3-000000024
ORDERS-00000025,girardmanon@example.net,Worbis,2887.18,error,2025-05-01,S3-000000025
ORDERS-00000026,zolson@example.org,,348.71,error,2025-06-08,S3-000000026
ORDERS-00000027,rodney87@example.org,Fürstenwalde,1140.26,ok,2025-10-08,S3-000000027
ORDERS-00000028,letellierthomas@example.org,Nürtingen,4926.12,new,2025-04-28,S3-000000028
ORDERS-00000029,gotthardcharles@example.net,Luckau,4332.55,ok,2026-02-06,S3-000000029
ORDERS-00000030,inesvalentin@example.org,Sainte Margauxboeuf,1390.59,error,2025-05-16,S3-000000030
ORDERS-00000031,olivier46@example.org,Albert,4170.72,new,2026-02-21,S3-000000031
ORDERS-00000032,mielcarekelse@example.net,Pirmasens,1851.53,new,2025-09-10,S3-000000032
ORDERS-00000033,sarahibarra@example.org,Ericside,3351.21,error,2025-06-23,S3-000000033
ORDERS-00000034,martineautherese@example.net,East Josephville,4683.34,error,2025-09-28,S3-000000034
ORDERS-00000035,karl-peter93@example.net,Lake Cynthia,357.94,,2025-09-10,S3-000000035
ORDERS-00000036,rebecca01@example.net,Bradleymouth,856.52,error,2025-10-31,S3-000000036
ORDERS-00000037,joycearnold@example.com,Saint Denis,1224.81,ok,2026-02-12,S3-000000037
ORDERS-00000038,koch-iiconstanze@example.net,Dachau,1897.9,error,2025-06-25,S3-000000038
ORDERS-00000039,nolanjason@example.org,Sainte Renéenec,3441.12,new,2025-12-14,S3-000000039
ORDERS-00000040,ninafroehlich@example.org,East Jillmouth,3423.39,new,2026-01-03,S3-000000040
ORDERS-00000041,reneleroux@example.net,Bad Kissingen,1146.01,new,2025-05-23,S3-000000041
ORDERS-00000042,,Steinfurt,4025.42,ok,2025-07-30,S3-000000042
ORDERS-00000043,michelle45@example.net,Potierboeuf,1339.44,new,2025-04-11,S3-000000043
ORDERS-00000044,beverlyterrell@example.org,Ilmenau,4565.77,error,2025-12-28,S3-000000044
ORDERS-00000045,gobrien@example.org,West Bradley,4381.96,ok,2025-02-26,S3-000000045
ORDERS-00000046,aimeeperret@example.org,Ferrand,1063.92,ok,,S3-000000046
ORDERS-00000047,amelie46@example.com,Angelaborough,1978.76,error,2025-11-11,S3-000000047
ORDERS-00000048,christinaturner@example.net,Gütersloh,2294.8,ok,2025-08-11,S3-000000048
ORDERS-00000049,,Wittenberg,699.01,error,2025-11-08,S3-000000049
ORDERS-00000050,anke95@example.org,Garmisch-Partenkirchen,2807.28,ok,2025-04-24,S3-000000050
ORDERS-00000051,henschelwillibald@example.net,Lübeck,3735.32,ok,2025-10-07,S3-000000051
ORDERS-00000052,zoderwald@example.org,Wolmirstedt,4489.22,ok,2025-12-25,S3-000000052
ORDERS-00000053,gregoryrubio@example.net,New Johnville,,new,2025-04-18,S3-000000053
ORDERS-00000054,stephanie79@example.net,Lévydan,2548.12,new,2025-12-11,S3-000000054
ORDERS-00000055,pgreen@example.net,Simsview,3779.16,new,2025-03-28,S3-000000055
ORDERS-00000056,noel45@example.com,Saint Henri-sur-Mer,765.05,new,2025-11-22,S3-000000056
ORDERS-00000057,carloliebelt@example.com,Perryborough,3960.6,ok,2025-07-27,S3-000000057
ORDERS-00000058,salmonhortense@example.com,West Kennethfurt,2982.45,ok,2025-09-23,S3-000000058
ORDERS-00000059,,Johnsonmouth,1908.71,ok,2025-11-16,S3-000000059
ORDERS-00000060,marycalhoun@example.net,Sainte Jeanne,2646.04,,2025-11-10,S3-000000060
,seifertstanislaw@example.org,North Jorge,4304.04,new,2025-05-19,S3-000000061
ORDERS-00000062,matthew64@example.com,South Andrewside,3401.74,new,2025-07-11,S3-000000062
ORDERS-00000063,zahnvanessa@example.net,Gotha,3408.87,error,2026-01-17,S3-000000063
ORDERS-00000064,ignatzeberth@example.com,Saint Chantal-la-Forêt,3754.64,error,2025-05-02,S3-000000064
ORDERS-00000065,merletherese@example.org,New Anthonyport,1701.54,ok,2025-11-16,S3-000000065
ORDERS-00000066,mdavid@example.org,Henry,2174.39,ok,2025-12-23,S3-000000066
ORDERS-00000067,hoganashlee@example.org,Stanleyland,17.22,error,2025-11-04,S3-000000067
ORDERS-00000068,atkinsonlynn@example.org,Cynthiamouth,4379.39,ok,2025-04-26,S3-000000068
ORDERS-00000069,jessicasheppard@example.com,Beckerdan,4859.47,new,2025-08-14,S3-000000069
ORDERS-00000070,tristan31@example.com,Port Steven,2538.9,new,2025-11-12,S3-000000070
ORDERS-00000071,anthony52@example.com,Grevesmühlen,4352.72,ok,2025-06-14,S3-000000071
ORDERS-00000072,frederique08@example.org,Weißwasser,,error,2025-09-03,S3-000000072
ORDERS-00000073,marieollivier@example.net,PonsVille,3045.24,new,2025-06-20,S3-000000073
ORDERS-00000074,psuessebier@example.com,Tessier-sur-Reynaud,1870.2,new,2025-09-20,S3-000000074
ORDERS-00000075,jbarajas@example.com,Nelsonview,2697.36,error,2025-04-13,S3-000000075
ORDERS-00000076,thomasmathieu@example.net,Olivier,4592.55,error,2025-12-09,S3-000000076
,jenny89@example.com,Hamburg,1621.46,new,2025-07-16,S3-000000077
ORDERS-00000078,alex82@example.com,Rastatt,560.23,ok,2025-11-23,S3-000000078
ORDERS-00000079,adobes@example.net,Mendozamouth,4393.73,ok,2025-03-17,S3-000000079
ORDERS-00000080,ewilson@example.com,,1198.02,,2025-04-24,S3-000000080
ORDERS-00000081,emile31@example.net,Port Alexandra,4390.17,new,2026-02-13,S3-000000081
ORDERS-00000082,michelle64@example.net,Saint Paulette,429.18,ok,2025-10-26,S3-000000082
ORDERS-00000083,gertrude12@example.org,Ebermannstadt,4080.3,error,2025-08-03,S3-000000083
ORDERS-00000084,ocarter@example.com,Boutin,,new,2025-03-25,S3-000000084
ORDERS-00000085,remytoussaint@example.net,Lamy,3299.09,error,2025-09-25,S3-000000085
ORDERS-00000086,sibelhethur@example.org,Eckernförde,826.47,error,2025-10-15,S3-000000086
ORDERS-00000087,brigitte17@example.net,Benderhaven,4362.29,ok,2025-09-05,S3-000000087
ORDERS-00000088,georgepamela@example.net,Anthonybury,4821.85,error,,S3-000000088
ORDERS-00000089,salmonmargot@example.com,Saint Charlotte,3776.57,error,2025-11-06,S3-000000089
ORDERS-00000090,howard96@example.net,South Michaelmouth,1006.55,ok,2025-11-13,S3-000000090
ORDERS-00000091,mauriziolangern@example.net,Elainefurt,1995.56,error,2025-03-12,S3-000000091
ORDERS-00000092,edwardsmarcus@example.com,Sainte Antoinette,3249.74,ok,2025-05-09,S3-000000092
ORDERS-00000093,laurence77@example.org,Quedlinburg,4498.17,ok,2026-02-21,S3-000000093
ORDERS-00000094,fgilmore@example.org,Wanzleben,605.9,new,2025-06-26,S3-000000094
ORDERS-00000095,courtoisanouk@example.org,Moers,321.07,new,2025-11-04,S3-000000095
ORDERS-00000096,strubin@example.net,Legros,2941.96,new,2025-08-28,S3-000000096
ORDERS-00000097,jrohleder@example.com,Berlin,2942.61,new,2025-12-23,S3-000000097
,sarah84@example.org,Maryshire,355.89,error,2025-09-04,S3-000000098
ORDERS-00000099,erenner@example.com,Gibsonmouth,295.31,new,2025-11-23,S3-000000099
ORDERS-00000100,xheintze@example.com,Wolfenbüttel,4527.19,ok,2025-11-26,S3-000000100
ORDERS-00000101,ymcneil@example.net,Bad Freienwalde,355.22,new,2025-09-09,S3-000000101
ORDERS-00000102,,Lake Douglasberg,1393.11,ok,2025-08-27,S3-000000102
ORDERS-00000103,cindy61@example.com,Gilletboeuf,1071.97,new,2025-12-02,S3-000000103
ORDERS-00000104,williamsonjimmy@example.net,Lake Christopher,3617.04,error,2025-12-18,S3-000000104
ORDERS-00000105,hebertjacques@example.net,North Markton,2881.48,new,2025-07-15,S3-000000105
ORDERS-00000106,hthomas@example.com,Picard,3923.31,ok,2025-03-28,S3-000000106
ORDERS-00000107,rlegendre@example.org,East Steven,952.86,new,2025-08-23,S3-000000107
ORDERS-00000108,nolansteven@example.com,BarbierBourg,3295.25,ok,2025-07-10,S3-000000108
ORDERS-00000109,lucie64@example.com,South Melissa,2118.47,ok,2025-05-29,S3-000000109
ORDERS-00000110,bailey40@example.net,Alanton,4319.32,new,2025-12-12,S3-000000110
ORDERS-00000111,kimberly39@example.com,Schweinfurt,3367.15,error,2025-11-16,S3-000000111
ORDERS-00000112,lorrainepereira@example.net,Sainte Simone,492.99,ok,2025-03-10,S3-000000112
ORDERS-00000113,nath21@example.com,Thompsonberg,3641.34,new,2026-02-01,S3-000000113
ORDERS-00000114,maria47@example.com,,1244.03,new,2025-03-27,S3-000000114
ORDERS-00000115,natalijastey@example.net,Pascalboeuf,2681.89,new,2025-12-30,S3-000000115
ORDERS-00000116,bakerdavid@example.com,Mary,2109.99,ok,2026-01-11,S3-000000116
ORDERS-00000117,franck37@example.org,Millet-sur-Mer,2313.68,new,2025-03-22,S3-000000117
ORDERS-00000118,tbonnin@example.net,East Brandonton,2216.21,error,2025-09-05,S3-000000118
ORDERS-00000119,heinzreni@example.net,Mettmann,490.45,error,2025-11-13,S3-000000119
ORDERS-00000120,vcoste@example.net,Starnberg,4996.41,new,2026-01-15,S3-000000120
ORDERS-00000121,rcrosby@example.org,Carpentier,4845.01,new,2025-08-17,S3-000000121
ORDERS-00000122,eckehard58@example.net,South Joshuaville,832.39,ok,2025-04-02,S3-000000122
,lucyriou@example.net,Holzminden,2407.31,ok,2025-04-15,S3-000000123
ORDERS-00000124,danielsalmon@example.net,Genthin,4512.31,new,2025-12-23,S3-000000124
ORDERS-00000125,hofmannnatali@example.org,Eisenach,1895.49,ok,2025-11-09,S3-000000125
ORDERS-00000126,alexandreklemt@example.org,Durand,1326.75,ok,2025-06-09,S3-000000126
ORDERS-00000127,jolanthelinke@example.net,Nauen,1426.96,error,2025-12-25,S3-000000127
ORDERS-00000128,hayesjeffrey@example.net,Miltenberg,4786.63,error,2025-03-10,S3-000000128
ORDERS-00000129,bkuehnert@example.net,Waren,3309.69,ok,2025-03-26,S3-000000129
ORDERS-00000130,editha21@example.org,Oscarhaven,774.83,ok,2025-08-21,S3-000000130
ORDERS-00000131,yperrin@example.net,Malchin,1089.29,new,,S3-000000131
ORDERS-00000132,dkambs@example.com,West Ronaldview,2896.32,error,2025-04-26,S3-000000132
ORDERS-00000133,fmercier@example.org,Bruchsal,305.73,,2025-12-09,S3-000000133
ORDERS-00000134,angelawillis@example.net,Leconte,286.77,error,2025-08-04,S3-000000134
ORDERS-00000135,uparrish@example.org,Michaelshire,2384.47,error,2025-05-19,S3-000000135
ORDERS-00000136,ghauffer@example.com,Noël,788.01,error,,S3-000000136
ORDERS-00000137,xroerricht@example.net,Michel-la-Forêt,401.48,new,2025-05-07,S3-000000137
ORDERS-00000138,sandra50@example.org,Berlin,343.54,new,2025-12-10,S3-000000138
ORDERS-00000139,robinoceane@example.net,Lüdenscheid,3376.39,new,2025-07-08,S3-000000139
ORDERS-00000140,ludger59@example.net,Düren,2019.47,error,2025-12-15,S3-000000140
ORDERS-00000141,parentedouard@example.com,Tuckermouth,1231.83,error,,S3-000000141
ORDERS-00000142,kaulstefano@example.org,Roseport,199.67,new,2025-05-22,S3-000000142
ORDERS-00000143,smithkevin@example.org,Hainichen,2096.71,error,,S3-000000143
ORDERS-00000144,bweinhold@example.org,Perleberg,2826.57,ok,2025-05-26,S3-000000144
ORDERS-00000145,david60@example.com,Bischofswerda,4673.6,new,2025-10-07,S3-000000145
ORDERS-00000146,amckinney@example.com,Artern,3348.96,ok,2025-05-03,S3-000000146
ORDERS-00000147,xblot@example.org,East Ryanfurt,1194.19,ok,2025-03-28,S3-000000147
ORDERS-00000148,julie35@example.org,Peine,655.26,error,2025-05-12,S3-000000148
ORDERS-00000149,jessica23@example.org,Feuchtwangen,1500.69,ok,2025-10-17,S3-000000149
ORDERS-00000150,gierschnerursula@example.net,Webstershire,4645.16,new,2025-11-17,S3-000000150
ORDERS-00000151,lorraine52@example.com,Meißen,47.57,error,2025-06-23,S3-000000151
ORDERS-00000152,bellcharles@example.com,North Miguelport,4992.27,new,2025-11-03,S3-000000152
ORDERS-00000153,lmisicher@example.net,Sainte Suzanne,367.23,new,2025-11-06,S3-000000153
ORDERS-00000154,edelgard78@example.org,Burglengenfeld,2529.92,new,2025-11-30,S3-000000154
ORDERS-00000155,arnoldhentschel@example.net,Warrenburgh,4666.36,new,2025-07-20,S3-000000155
ORDERS-00000156,vortiz@example.net,Sainte Christophe,4396.47,ok,2025-04-03,S3-000000156
ORDERS-00000157,qjacquet@example.net,,1425.65,ok,2025-10-10,S3-000000157
ORDERS-00000158,adeleruiz@example.net,DumontBourg,4168.89,error,2025-10-01,S3-000000158
ORDERS-00000159,lisa81@example.net,,1513.28,error,2025-07-16,S3-000000159
ORDERS-00000160,stephaniepeterson@example.com,Dessau,2645.17,error,2025-03-27,S3-000000160
ORDERS-00000161,romeroamber@example.net,Sainte Pauline,4085.7,ok,2025-04-17,S3-000000161
ORDERS-00000162,kbrunet@example.org,Gaillard-sur-Mace,4658.85,new,2025-03-14,S3-000000162
ORDERS-00000163,erica37@example.net,Youngbury,4694.71,new,2026-01-06,S3-000000163
ORDERS-00000164,michealvalentine@example.com,Kimberlyhaven,1323.07,new,2025-08-07,S3-000000164
ORDERS-00000165,luziaschleich@example.org,Lake Timothystad,3712.34,new,,S3-000000165
ORDERS-00000166,hoelzenbecherdenis@example.org,Whiteheadberg,1362.47,error,2025-04-02,S3-000000166
ORDERS-00000167,bkeudel@example.com,Nürtingen,1053.94,ok,2025-05-28,S3-000000167
ORDERS-00000168,brooksanthony@example.org,Rodrigues,1018.78,error,2025-03-12,S3-000000168
ORDERS-00000169,,Gilbertland,4264.71,error,2025-06-05,S3-000000169
ORDERS-00000170,berthavogt@example.net,Masson-la-Forêt,2443.17,new,2025-06-22,S3-000000170
ORDERS-00000171,hencksiegfried@example.net,AndreBourg,462.4,ok,2025-10-15,S3-000000171
ORDERS-00000172,lefortdenise@example.net,Halberstadt,4146.91,new,2025-02-26,S3-000000172
ORDERS-00000173,,Sainte DanielVille,18.72,new,2026-01-31,S3-000000173
ORDERS-00000174,reidtina@example.com,Sainte Simone,3185.93,ok,2025-07-09,S3-000000174
ORDERS-00000175,wirthconstance@example.net,North Michael,808.75,ok,2026-01-07,S3-000000175
ORDERS-00000176,veroniquemerle@example.net,Welchberg,2758.85,ok,2025-12-01,S3-000000176
ORDERS-00000177,carterbradley@example.org,Heiligenstadt,2804.97,new,2025-07-30,S3-000000177
ORDERS-00000178,cfleury@example.net,Jüterbog,,error,2026-01-28,S3-000000178
ORDERS-00000179,richard15@example.com,Klinefurt,4519.74,error,2025-05-09,S3-000000179
ORDERS-00000180,zrichardson@example.net,Lake Rogerchester,181.1,ok,2026-01-11,S3-000000180
ORDERS-00000181,marijan11@example.com,Schneider,2912.97,new,2025-10-18,S3-000000181
ORDERS-00000182,sbrun@example.com,Williamsstad,2149.5,new,2025-08-13,S3-000000182
ORDERS-00000183,jonesdana@example.com,Martinez,1541.98,new,2026-01-21,S3-000000183
ORDERS-00000184,ifontaine@example.org,Karlsruhe,4494.72,new,2025-10-04,S3-000000184
ORDERS-00000185,hannamende@example.com,Hinesshire,3410.65,error,2025-09-19,S3-000000185
ORDERS-00000186,redwards@example.org,Wittenberg,514.87,error,2025-09-07,S3-000000186
ORDERS-00000187,hguilbert@example.com,Lewisport,4420.79,ok,2026-02-16,S3-000000187
ORDERS-00000188,davidfarrell@example.com,Brand,4869.21,error,2026-01-20,S3-000000188
ORDERS-00000189,jenna88@example.com,Lake Jenna,773.61,new,2025-10-31,S3-000000189
ORDERS-00000190,andrea31@example.org,Niesky,4323.16,new,2025-07-16,S3-000000190
ORDERS-00000191,chantal82@example.net,Heiligenstadt,,new,2025-12-01,S3-000000191
ORDERS-00000192,alaine@example.com,Saint TimothéeBourg,897.62,ok,2025-08-25,S3-000000192
ORDERS-00000193,gilbert89@example.org,Nürtingen,3912.15,ok,2026-01-14,S3-000000193
ORDERS-00000194,leandergehringer@example.org,West Stacey,4011.37,error,2026-02-08,S3-000000194
ORDERS-00000195,kingcynthia@example.net,Lake Kevin,4053.94,ok,2025-04-03,S3-000000195
ORDERS-00000196,jeanneblin@example.org,Regensburg,796.83,error,,S3-000000196
ORDERS-00000197,bientuelay@example.net,Gilles,541.37,new,2025-12-20,S3-000000197
ORDERS-00000198,omaurice@example.org,Dawnport,,new,2025-06-01,S3-000000198
ORDERS-00000199,dleger@example.org,Saint Brigitte,998.66,ok,2025-09-02,S3-000000199
ORDERS-00000200,matthewthomas@example.net,Theresaberg,1748.94,new,2025-09-13,S3-000000200
ORDERS-00000201,julienolivier@example.com,Meppen,1115.39,,2025-04-21,S3-000000201
ORDERS-00000202,hoffmanntraudel@example.com,Menard-les-Bains,966.46,ok,2026-02-23,S3-000000202
ORDERS-00000203,laurent27@example.net,Kochfort,1393.74,new,2025-04-01,S3-000000203
ORDERS-00000204,nlevy@example.net,North Juanfort,4834.48,ok,2025-09-22,S3-000000204
ORDERS-00000205,losekannfrank-peter@example.com,Salmon,,error,2025-07-18,S3-000000205
ORDERS-00000206,kbirnbaum@example.net,Rastatt,1998.99,error,2025-03-26,S3-000000206
ORDERS-00000207,rduran@example.net,Lemaire-sur-Rodriguez,1656.42,new,2025-07-28,S3-000000207
ORDERS-00000208,angela52@example.org,MaréchalVille,577.59,ok,2025-03-13,S3-000000208
ORDERS-00000209,magda78@example.com,Hofgeismar,893.66,ok,2025-06-29,S3-000000209
ORDERS-00000210,vschmiedt@example.com,Guillou,192.25,,2025-09-20,S3-000000210
ORDERS-00000211,thomas05@example.com,Sainte Isabelle-la-Forêt,2173.38,error,2026-01-30,S3-000000211
,godardchristelle@example.com,Verdier-sur-Dumas,3932.35,ok,2025-03-17,S3-000000212
ORDERS-00000213,hpicard@example.net,Becker-sur-Gillet,3031.44,error,2026-01-11,S3-000000213
ORDERS-00000214,arthurbaudry@example.net,Arnstadt,579.11,error,2025-06-27,S3-000000214
ORDERS-00000215,robertharris@example.net,GuyonVille,951.2,new,2025-04-20,S3-000000215
,gabriellegermain@example.net,Edwardsburgh,3544.22,new,2026-02-15,S3-000000216
ORDERS-00000217,emilie54@example.net,East Joshua,2600.08,error,2025-05-24,S3-000000217
ORDERS-00000218,janet75@example.com,Keithshire,3434.6,error,2025-09-24,S3-000000218
ORDERS-00000219,xcardenas@example.org,West Stephanieland,3685.45,new,2026-02-19,S3-000000219
ORDERS-00000220,julie33@example.net,Derrickshire,1821.74,new,2025-05-31,S3-000000220
ORDERS-00000221,fatimaheintze@example.org,Hohenstein-Ernstthal,4744.42,ok,2025-08-28,S3-000000221
ORDERS-00000222,ademrogner@example.org,Woodsborough,3116.15,error,2025-06-30,S3-000000222
ORDERS-00000223,velezchristopher@example.net,Eisenach,4240.23,error,2026-02-03,S3-000000223
ORDERS-00000224,kruschwitzlina@example.com,Bad Kissingen,4500.33,error,2025-06-21,S3-000000224
ORDERS-00000225,danielroland@example.com,Hardydan,1547.11,ok,2026-01-22,S3-000000225
ORDERS-00000226,mmaillard@example.org,Lake Stephen,1631.59,error,2025-12-02,S3-000000226
ORDERS-00000227,waltermichel@example.com,Roger,1478.98,,2026-01-24,S3-000000227
ORDERS-00000228,,Strausberg,960.01,error,2025-05-08,S3-000000228
ORDERS-00000229,pjunitz@example.org,Youngview,4701.88,error,2025-06-23,S3-000000229
ORDERS-00000230,bertinmarcelle@example.com,Bonnet,3740.92,new,2025-04-12,S3-000000230
ORDERS-00000231,erik84@example.net,Kelheim,3077.96,ok,2025-05-22,S3-000000231
ORDERS-00000232,wojciechfliegner@example.com,Besson-sur-Legros,2030.97,new,2025-09-27,S3-000000232
,kathleenbecker@example.net,Pegnitz,1520.07,new,2025-07-16,S3-000000233
ORDERS-00000234,bolandermarisa@example.net,Baudry,2150.01,error,2025-04-25,S3-000000234
ORDERS-00000235,myriam87@example.org,Wagner,3033.7,ok,2025-09-03,S3-000000235
ORDERS-00000236,dbluemel@example.org,PineauVille,2325.48,ok,2025-08-24,S3-000000236
ORDERS-00000237,monique06@example.com,Rosenheim,3378.46,error,2025-03-15,S3-000000237
ORDERS-00000238,isabella80@example.org,West Robertberg,2366.46,error,2025-12-06,S3-000000238
ORDERS-00000239,ybesson@example.com,Millerside,849.29,new,2025-11-06,S3-000000239
ORDERS-00000240,,Ahaus,1419.65,,2025-06-21,S3-000000240
ORDERS-00000241,opatel@example.org,Ericborough,3165.07,ok,2025-12-20,S3-000000241
ORDERS-00000242,speersiegbert@example.net,Forst,467.84,new,2025-04-06,S3-000000242
ORDERS-00000243,cohenjosephine@example.net,Saint Nicole,3364.31,new,2025-08-01,S3-000000243
,amberwebster@example.org,,4033.01,new,2025-10-07,S3-000000244
ORDERS-00000245,joel28@example.org,Joshuaside,123.1,new,2026-02-02,S3-000000245
ORDERS-00000246,lorrainepotier@example.com,Rousseauboeuf,4919.7,error,2025-11-13,S3-000000246
ORDERS-00000247,heather62@example.com,,4248.84,new,2026-01-21,S3-000000247
ORDERS-00000248,nadja27@example.org,Delattre-les-Bains,2277.63,error,2025-05-31,S3-000000248
ORDERS-00000249,markmiller@example.com,New Jennyborough,2878.78,error,2025-06-10,S3-000000249
ORDERS-00000250,russojacob@example.net,Carpentierdan,3482.07,ok,2026-01-29,S3-000000250
ORDERS-00000251,susan03@example.org,Sainte Patrick-sur-Mer,1998.86,new,2026-02-16,S3-000000251
ORDERS-00000252,lene46@example.com,Le Gall,3280.63,new,2025-07-15,S3-000000252
ORDERS-00000253,gturpin@example.net,Robinstad,4463.41,,2025-08-05,S3-000000253
ORDERS-00000254,jolantafiebig@example.org,Phillipsborough,3892.32,new,2025-05-26,S3-000000254
ORDERS-00000255,victorpena@example.net,Kathrynfort,880.26,error,2025-11-02,S3-000000255
ORDERS-00000256,kjacques@example.net,East Jennifer,2590.27,new,,S3-000000256
ORDERS-00000257,hardyarthur@example.org,Saint Antoinette,2787.47,new,2026-01-19,S3-000000257
ORDERS-00000258,danielneveu@example.org,Oberviechtach,2282.85,ok,2025-07-20,S3-000000258
ORDERS-00000259,fsorgatz@example.org,Anklam,3338.22,error,2025-09-19,S3-000000259
ORDERS-00000260,elise40@example.net,ColinBourg,2977.67,ok,2025-09-17,S3-000000260
ORDERS-00000261,hans-jochenscholl@example.net,Josephfurt,3063.65,error,2025-07-20,S3-000000261
ORDERS-00000262,scunningham@example.org,Lake Victoriaton,4460.21,ok,2025-08-02,S3-000000262
ORDERS-00000263,dtran@example.net,Borken,4153.02,error,2026-01-20,S3-000000263
ORDERS-00000264,ariel18@example.org,Ueckermünde,2230.12,new,2025-08-29,S3-000000264
ORDERS-00000265,glassgabrielle@example.com,Descamps-sur-David,3718.53,ok,2026-02-21,S3-000000265
ORDERS-00000266,alibrenda@example.net,West Franciscobury,2250.9,new,2026-01-16,S3-000000266
ORDERS-00000267,patrick21@example.net,Vincent,4199.47,ok,2025-08-14,S3-000000267
,kargeedelgard@example.net,Beckerboeuf,3829.3,error,2025-10-30,S3-000000268
ORDERS-00000269,whenry@example.net,Lopezshire,2423.5,new,2025-07-23,S3-000000269
ORDERS-00000270,ludmilla31@example.org,South Jennifer,1373.71,new,2025-04-26,S3-000000270
ORDERS-00000271,xprevost@example.org,Hechingen,3568.01,new,2025-07-15,S3-000000271
ORDERS-00000272,andersonjacob@example.com,Blanchetnec,1359.3,ok,2025-03-08,S3-000000272
ORDERS-00000273,birthe19@example.net,Smithchester,4465.24,new,2025-12-25,S3-000000273
ORDERS-00000274,charlottepoelitz@example.org,Roy-les-Bains,692.73,new,2025-06-22,S3-000000274
ORDERS-00000275,kthomas@example.com,Evansland,1915.79,new,2025-06-03,S3-000000275
ORDERS-00000276,nscheibe@example.org,East Kevinfurt,3532.39,new,2026-01-18,S3-000000276
ORDERS-00000277,cboulanger@example.com,West Malik,2074.92,ok,2025-05-15,S3-000000277
ORDERS-00000278,gregory65@example.com,Bruneau-sur-Mer,2713.51,ok,2025-07-22,S3-000000278
ORDERS-00000279,kdiaz@example.org,ArnaudVille,312.27,ok,2025-08-24,S3-000000279
ORDERS-00000280,brigitteklein@example.net,Suhl,1947.99,,2025-04-21,S3-000000280
ORDERS-00000281,olivier42@example.net,Jonesfort,4730.36,new,2025-07-31,S3-000000281
ORDERS-00000282,cdevaux@example.com,ValentinBourg,4283.8,error,2025-12-21,S3-000000282
ORDERS-00000283,guido90@example.net,,1902.52,new,2025-04-08,S3-000000283
ORDERS-00000284,heserhelfried@example.net,Pascal-sur-Mer,4713.77,ok,2025-07-21,S3-000000284
ORDERS-00000285,lbarton@example.net,Barre,3767.62,ok,2025-09-01,S3-000000285
ORDERS-00000286,senol11@example.net,Heinsberg,2691.56,error,2025-08-21,S3-000000286
ORDERS-00000287,ekeudel@example.org,Floresport,2731.12,error,2026-01-06,S3-000000287
ORDERS-00000288,simonclaude@example.com,Saint Nicole-sur-Mer,4489.16,ok,2025-05-04,S3-000000288
ORDERS-00000289,vincentvaillant@example.com,Port Richard,1097.89,ok,2025-05-09,S3-000000289
ORDERS-00000290,bdelaunay@example.net,Lebreton,2428.72,ok,2025-08-11,S3-000000290
ORDERS-00000291,bushjamie@example.net,Pinneberg,1681.31,error,2025-07-18,S3-000000291
ORDERS-00000292,stephenbaker@example.com,Godard,3990.91,error,2025-10-21,S3-000000292
ORDERS-00000293,baileymegan@example.net,Schwabmünchen,826.06,ok,2025-03-30,S3-000000293
ORDERS-00000294,thomaslemaire@example.org,East Nathanielberg,4597.79,error,2025-07-26,S3-000000294
ORDERS-00000295,baileyhenderson@example.com,Lemonnier-les-Bains,2671.08,ok,2025-05-01,S3-000000295
ORDERS-00000296,donald57@example.net,Amberg,2959.87,error,2025-04-20,S3-000000296
ORDERS-00000297,groerricht@example.net,Cohenchester,136.48,error,2026-01-18,S3-000000297
ORDERS-00000298,kjackson@example.org,Backnang,,ok,2025-05-24,S3-000000298
ORDERS-00000299,jean79@example.net,New Dannyside,909.46,ok,2025-09-24,S3-000000299
ORDERS-00000300,nritter@example.com,Hammelburg,1896.14,new,2025-08-19,S3-000000300
ORDERS-00000301,michelle17@example.org,Wittmund,2274.04,ok,2025-11-20,S3-000000301
ORDERS-00000302,imartin@example.org,Ribnitz-Damgarten,3806.39,ok,2025-09-20,S3-000000302
ORDERS-00000303,mariopadilla@example.com,Buisson,1392.0,ok,2026-01-08,S3-000000303
ORDERS-00000304,virginiaweitzel@example.com,Starnberg,1262.11,new,2025-11-25,S3-000000304
ORDERS-00000305,gabortrub@example.com,Neustadtner Waldnaab,2352.06,error,2025-10-08,S3-000000305
,lorraine66@example.com,Luckau,2697.56,ok,2025-12-14,S3-000000306
ORDERS-00000307,shawn75@example.net,Wiedenbrück,1121.89,new,2025-10-30,S3-000000307
ORDERS-00000308,claude18@example.com,Freudenstadt,,error,2025-06-10,S3-000000308
ORDERS-00000309,matthew92@example.net,Patriciaton,202.25,new,2025-04-05,S3-000000309
ORDERS-00000310,hdurand@example.org,Smithchester,4748.11,new,2025-11-20,S3-000000310
ORDERS-00000311,giovanni41@example.net,Christopherburgh,4196.31,error,2025-07-29,S3-000000311
ORDERS-00000312,monique36@example.net,Aachen,762.76,new,2025-08-30,S3-000000312
ORDERS-00000313,denisehecker@example.net,PetitVille,2368.33,new,2025-07-09,S3-000000313
ORDERS-00000314,itaesche@example.com,Kulmbach,2820.28,new,2025-12-06,S3-000000314
ORDERS-00000315,johannpatrick@example.com,Worbis,2325.7,ok,2025-11-02,S3-000000315
ORDERS-00000316,daniellaporte@example.net,Meiningen,3834.72,,2025-12-03,S3-000000316
ORDERS-00000317,sofielangern@example.net,CarpentierBourg,3029.86,error,2025-04-21,S3-000000317
ORDERS-00000318,bkiller@example.com,Göppingen,3592.07,new,2025-03-30,S3-000000318
ORDERS-00000319,lia04@example.org,Grégoire-sur-Roche,4823.64,new,2025-07-28,S3-000000319
ORDERS-00000320,bowerslaura@example.org,Rodriguezfort,2893.84,ok,2025-10-14,S3-000000320
ORDERS-00000321,klingelhoefersylke@example.com,Ribnitz-Damgarten,2879.41,ok,2025-07-17,S3-000000321
ORDERS-00000322,paulettegeorges@example.org,Ansbach,1983.88,error,2025-05-20,S3-000000322
ORDERS-00000323,zobelrocco@example.net,Hendersonfurt,992.45,error,2025-11-01,S3-000000323
ORDERS-00000324,rogerperez@example.com,Düren,3453.38,error,2025-07-02,S3-000000324
ORDERS-00000325,collinssamuel@example.org,Brand,1215.0,error,2025-04-12,S3-000000325
ORDERS-00000326,parkerjudith@example.net,Anklam,3862.63,error,2025-04-20,S3-000000326
ORDERS-00000327,goncalvescolette@example.com,Mace-la-Forêt,3002.46,new,2025-07-20,S3-000000327
ORDERS-00000328,jaqueline10@example.com,Alexandriaview,3981.34,error,2025-10-07,S3-000000328
ORDERS-00000329,mahececile@example.net,South Micheleburgh,3913.39,ok,2025-04-28,S3-000000329
ORDERS-00000330,shannonemily@example.org,Bad Liebenwerda,2664.19,error,2025-05-31,S3-000000330
,yknappe@example.org,Rastatt,1853.48,error,2025-12-10,S3-000000331
ORDERS-00000332,uhubert@example.org,Josephland,3238.07,new,2025-07-20,S3-000000332
ORDERS-00000333,giesshellmuth@example.net,Berlin,4248.03,ok,2026-01-28,S3-000000333
ORDERS-00000334,mark87@example.org,West Anne,528.59,ok,2025-12-10,S3-000000334
ORDERS-00000335,celinatessier@example.net,Lake Rachel,3178.29,ok,,S3-000000335
ORDERS-00000336,obarth@example.net,West Aaronfurt,3536.84,ok,2025-12-05,S3-000000336
ORDERS-00000337,harristonya@example.com,East Jenniferland,881.51,error,2026-02-18,S3-000000337
ORDERS-00000338,xthies@example.com,Saint Corinne-les-Bains,4827.4,ok,2026-01-10,S3-000000338
ORDERS-00000339,,Halberstadt,3079.95,error,2026-01-22,S3-000000339
ORDERS-00000340,vhaynes@example.com,Nelsonland,3873.43,ok,2025-04-19,S3-000000340
ORDERS-00000341,meyerfranck@example.org,,2178.44,error,2025-07-15,S3-000000341
ORDERS-00000342,djaentsch@example.com,Ebermannstadt,2962.78,ok,2025-06-24,S3-000000342
ORDERS-00000343,fabrevictoire@example.com,Waren,4258.71,new,2025-07-14,S3-000000343
ORDERS-00000344,byrdjorge@example.org,Merseburg,1395.36,ok,2025-12-13,S3-000000344
ORDERS-00000345,etiennepinto@example.org,Anklam,1220.07,ok,2026-01-14,S3-000000345
ORDERS-00000346,hans-theokuehnert@example.com,Sainte SylvieBourg,2849.68,error,2025-03-23,S3-000000346
ORDERS-00000347,feckbauer@example.com,Moers,1895.57,new,2025-05-02,S3-000000347
ORDERS-00000348,zramos@example.com,Teterow,2472.04,ok,2025-05-04,S3-000000348
ORDERS-00000349,rebekahhill@example.com,Schwabmünchen,910.02,new,2025-10-23,S3-000000349
ORDERS-00000350,alexandra68@example.com,Göttingen,1774.77,ok,2025-04-20,S3-000000350
ORDERS-00000351,dawnrobles@example.org,Moreaunec,1702.35,error,2025-07-15,S3-000000351
ORDERS-00000352,kcooper@example.net,Nelsontown,3506.22,ok,2025-10-15,S3-000000352
ORDERS-00000353,wulffkarl-ludwig@example.org,Katiebury,2779.4,error,2025-04-05,S3-000000353
ORDERS-00000354,,Rockenhausen,4740.36,,2025-07-13,S3-000000354
ORDERS-00000355,hugoscheel@example.com,Maury,1207.54,ok,2025-11-26,S3-000000355
ORDERS-00000356,helene92@example.net,Potsdam,2443.4,new,2025-05-05,S3-000000356
ORDERS-00000357,davisjesse@example.org,Aachen,3453.36,error,2026-02-17,S3-000000357
ORDERS-00000358,susandumont@example.com,Breton,3559.5,ok,2025-03-06,S3-000000358
ORDERS-00000359,leadoerschner@example.net,West Janetfurt,3964.87,new,2025-04-06,S3-000000359
ORDERS-00000360,marcus26@example.net,Grantside,1471.88,ok,2026-02-06,S3-000000360
ORDERS-00000361,maurice92@example.com,Davidtown,3459.24,,2025-10-06,S3-000000361
ORDERS-00000362,whitelucas@example.net,Nordhausen,3320.14,ok,2025-07-04,S3-000000362
ORDERS-00000363,gomezadelaide@example.com,Waldmünchen,2366.83,,2025-11-01,S3-000000363
ORDERS-00000364,caroline04@example.org,Jena,1719.44,error,2025-12-28,S3-000000364
ORDERS-00000365,biggenrecep@example.com,Brunnec,2752.39,ok,2026-02-03,S3-000000365
ORDERS-00000366,amy17@example.net,Goncalves,,ok,2025-03-26,S3-000000366
ORDERS-00000367,aloys54@example.org,Eilenburg,1533.81,,2025-04-29,S3-000000367
ORDERS-00000368,levyeric@example.com,Guillet-sur-Fischer,604.16,new,2025-08-12,S3-000000368
ORDERS-00000369,juliegay@example.org,Hohenstein-Ernstthal,,error,2025-05-10,S3-000000369
ORDERS-00000370,donna43@example.org,Riesa,,error,2026-01-18,S3-000000370
ORDERS-00000371,briansmith@example.org,Gonzaleztown,926.56,new,2025-05-03,S3-000000371
ORDERS-00000372,edouard71@example.com,Burnsview,3693.28,ok,2025-11-02,S3-000000372
ORDERS-00000373,xgonzalez@example.com,South Bradley,3623.2,error,2025-08-25,S3-000000373
ORDERS-00000374,maryelliott@example.org,Saint Margueriteboeuf,2984.36,new,2025-08-05,S3-000000374
ORDERS-00000375,francoisebonnet@example.com,Regnierdan,4163.31,,2026-02-03,S3-000000375
ORDERS-00000376,fjacob@example.com,Saint Georges,1138.19,new,2025-05-04,S3-000000376
ORDERS-00000377,manjagroettner@example.org,Bitterfeld,,error,2025-08-14,S3-000000377
ORDERS-00000378,martascheibe@example.com,North Paulfurt,2671.14,ok,2025-07-02,S3-000000378
ORDERS-00000379,astark@example.net,Barbe-sur-Humbert,228.53,new,2025-08-05,S3-000000379
ORDERS-00000380,carolinaschacht@example.net,Regensburg,2767.24,error,2025-12-28,S3-000000380
ORDERS-00000381,natalie46@example.net,Johnsonview,4720.5,error,2025-04-22,S3-000000381
ORDERS-00000382,zmorel@example.com,Girard,4342.44,ok,2025-08-29,S3-000000382
ORDERS-00000383,andrew44@example.com,Port Jeremyport,513.84,,2025-08-17,S3-000000383
ORDERS-00000384,jessica91@example.org,Port Richard,2870.75,ok,2025-12-17,S3-000000384
ORDERS-00000385,valentine08@example.org,Wanzleben,2394.09,ok,2025-08-01,S3-000000385
ORDERS-00000386,gerlachhans-josef@example.org,Backnang,922.63,new,2025-03-17,S3-000000386
ORDERS-00000387,joshuacolon@example.net,Lake Anthonystad,1263.14,ok,2025-10-14,S3-000000387
ORDERS-00000388,susanwells@example.net,Frankview,571.32,new,2026-01-14,S3-000000388
ORDERS-00000389,jacquetantoine@example.com,Riesa,2004.14,new,2026-01-24,S3-000000389
ORDERS-00000390,gueltenhaering@example.com,BlanchetVille,2885.53,error,2025-03-01,S3-000000390
ORDERS-00000391,deborahburke@example.org,Schmölln,268.99,new,2025-11-29,S3-000000391
ORDERS-00000392,audrey65@example.com,South Kevin,4055.9,ok,,S3-000000392
ORDERS-00000393,gmary@example.org,Guilbert,426.82,new,2025-10-14,S3-000000393
ORDERS-00000394,theophile17@example.org,Danielleview,593.14,ok,2025-11-07,S3-000000394
ORDERS-00000395,laurent28@example.org,Stendal,3031.98,error,2025-11-17,S3-000000395
ORDERS-00000396,soelzeraleksandra@example.com,Sullivanton,1129.21,error,2025-11-27,S3-000000396
ORDERS-00000397,zachariepages@example.net,Stuttgart,1902.51,ok,2025-09-11,S3-000000397
ORDERS-00000398,marywalter@example.org,South Davidview,1487.47,error,2026-01-05,S3-000000398
,maggiedaniel@example.net,Jülich,4950.17,ok,2025-12-12,S3-000000399
ORDERS-00000400,vfrench@example.com,Stevenville,2843.58,new,2025-03-18,S3-000000400
ORDERS-00000401,,Peine,3048.54,error,2025-08-05,S3-000000401
ORDERS-00000402,freddygute@example.com,Thomasburgh,497.07,new,2025-09-03,S3-000000402
ORDERS-00000403,lawrencebrown@example.com,Port Kim,3127.95,ok,2025-12-19,S3-000000403
ORDERS-00000404,wzimmer@example.org,Siegen,3302.48,new,2025-08-01,S3-000000404
,creyes@example.net,Ansbach,1200.09,error,2025-12-16,S3-000000405
ORDERS-00000406,alfredlabbe@example.org,Jean,376.25,new,2026-02-01,S3-000000406
ORDERS-00000407,david68@example.net,North Madison,2043.18,error,,S3-000000407
ORDERS-00000408,ryan25@example.com,East Stacy,2969.46,ok,2025-03-05,S3-000000408
ORDERS-00000409,iwonaeigenwillig@example.org,Saint Gérard,164.17,ok,2025-11-29,S3-000000409
ORDERS-00000410,malletlucie@example.com,Rousseau-sur-Valentin,3535.07,error,2025-11-10,S3-000000410
ORDERS-00000411,biggenhelen@example.org,Jamesside,4298.17,new,2025-08-29,S3-000000411
ORDERS-00000412,lucaslemonnier@example.net,Sainte Astrid,3437.24,ok,2025-04-06,S3-000000412
ORDERS-00000413,laurence92@example.com,Günzburg,3939.35,error,2025-12-27,S3-000000413
ORDERS-00000414,,West Jade,2949.36,new,2025-04-29,S3-000000414
ORDERS-00000415,shaenel@example.com,North Alexander,2126.27,error,2026-02-13,S3-000000415
ORDERS-00000416,ffischer@example.net,Grevenbroich,1124.82,new,2025-05-26,S3-000000416
ORDERS-00000417,joseph01@example.org,Kamenz,4542.15,new,2025-06-27,S3-000000417
ORDERS-00000418,daviskatherine@example.org,Sternberg,357.98,new,2025-05-03,S3-000000418
ORDERS-00000419,patricia94@example.net,Illertissen,3963.35,error,2025-04-11,S3-000000419
ORDERS-00000420,rrivers@example.com,De Oliveira-les-Bains,3745.04,error,2025-04-18,S3-000000420
ORDERS-00000421,lerouxfrancois@example.com,Colasdan,4606.04,ok,2025-10-21,S3-000000421
ORDERS-00000422,cheryl27@example.com,Meiningen,622.64,error,2025-03-22,S3-000000422
ORDERS-00000423,alexander89@example.net,Laroche,1521.15,ok,2025-09-15,S3-000000423
ORDERS-00000424,lesagemargaud@example.net,Ingolstadt,4713.44,error,2025-11-15,S3-000000424
ORDERS-00000425,jgerard@example.net,Sonneberg,2700.37,ok,2025-09-10,S3-000000425
ORDERS-00000426,ebooth@example.com,West Tara,403.13,new,,S3-000000426
ORDERS-00000427,pkusch@example.org,Solismouth,4447.23,error,2026-01-24,S3-000000427
ORDERS-00000428,fstewart@example.net,Saint Anne,1612.29,ok,2025-03-11,S3-000000428
ORDERS-00000429,robinsophie@example.net,Grégoire,130.3,new,2025-05-17,S3-000000429
ORDERS-00000430,xleblanc@example.org,Hohenstein-Ernstthal,4809.59,error,2025-12-21,S3-000000430
ORDERS-00000431,qauger@example.com,NoëlBourg,2936.03,new,2025-05-23,S3-000000431
ORDERS-00000432,norman48@example.net,North Pennyfort,4997.86,error,2026-01-11,S3-000000432
ORDERS-00000433,qgautier@example.net,Coburg,4107.28,error,2025-05-20,S3-000000433
ORDERS-00000434,jenniferrodriguez@example.com,Meppen,202.12,new,2025-11-08,S3-000000434
ORDERS-00000435,colettethomas@example.net,Sainte Virginie,2353.03,error,2025-09-01,S3-000000435
ORDERS-00000436,marinedelorme@example.org,Duval,2211.7,ok,2025-11-08,S3-000000436
ORDERS-00000437,corinne66@example.net,Paris,908.26,error,2025-07-09,S3-000000437
ORDERS-00000438,iballard@example.com,Ribeiroboeuf,2179.99,ok,2025-12-09,S3-000000438
ORDERS-00000439,luclacroix@example.net,Torres,4845.31,,2026-02-18,S3-000000439
ORDERS-00000440,mathildedelahaye@example.org,Lemonnierboeuf,1740.46,ok,,S3-000000440
ORDERS-00000441,qaguilar@example.net,Nataliechester,1605.97,new,2025-09-17,S3-000000441
ORDERS-00000442,kranzfrithjof@example.org,Saint René,4288.81,ok,2025-06-17,S3-000000442
ORDERS-00000443,william04@example.org,Sainte Sylvie,2058.81,ok,2025-04-06,S3-000000443
ORDERS-00000444,noemijourdan@example.net,New Kristen,1441.8,,2025-06-17,S3-000000444
ORDERS-00000445,weberamelie@example.com,Courtois,4068.02,error,2025-03-03,S3-000000445
ORDERS-00000446,luc97@example.org,Faivre,,new,2025-09-26,S3-000000446
ORDERS-00000447,philippinepages@example.org,Thompsonland,1573.27,ok,2025-05-04,S3-000000447
ORDERS-00000448,hoareauaugustin@example.com,Davidshire,580.49,ok,2025-02-28,S3-000000448
ORDERS-00000449,jmckinney@example.org,Sankt Goar,4324.69,new,2025-12-23,S3-000000449
ORDERS-00000450,claudine98@example.com,Passau,3288.64,error,2025-05-08,S3-000000450
ORDERS-00000451,bodinhugues@example.com,AntoineBourg,2310.42,new,2025-05-22,S3-000000451
ORDERS-00000452,maximilian54@example.org,OllivierVille,938.73,ok,2025-11-12,S3-000000452
ORDERS-00000453,pallen@example.net,Fournier,3113.55,ok,2026-02-04,S3-000000453
ORDERS-00000454,hmoon@example.com,Angelhaven,3127.42,new,2025-09-13,S3-000000454
ORDERS-00000455,ccoulon@example.com,Lebrun,,error,2025-03-29,S3-000000455
ORDERS-00000456,wilhelminewirth@example.net,Saint Marc,655.94,ok,2025-10-28,S3-000000456
ORDERS-00000457,ndoehn@example.net,JourdanBourg,2191.14,error,2025-11-19,S3-000000457
ORDERS-00000458,miesirina@example.com,Bersenbrück,2424.07,new,2025-05-06,S3-000000458
ORDERS-00000459,andrewsjeremy@example.com,Hayesfurt,4865.76,error,2025-06-28,S3-000000459
ORDERS-00000460,hsteinberg@example.net,Wurzen,3996.77,error,2025-10-11,S3-000000460
ORDERS-00000461,klemtsusanna@example.net,Torgau,792.73,error,2025-10-19,S3-000000461
ORDERS-00000462,kreszentia76@example.com,Sainte Hugues,69.36,ok,2025-05-22,S3-000000462
ORDERS-00000463,sritter@example.net,Säckingen,466.95,new,2025-11-04,S3-000000463
ORDERS-00000464,spencerangela@example.org,Rochlitz,2307.78,new,2025-07-29,S3-000000464
ORDERS-00000465,schneidermarc@example.net,Lecomte,3238.9,new,2026-02-12,S3-000000465
ORDERS-00000466,isaacgonzalez@example.org,Leclercq,2492.38,error,2025-05-07,S3-000000466
ORDERS-00000467,hamelemmanuelle@example.com,Legrand-la-Forêt,1460.02,error,2025-03-24,S3-000000467
ORDERS-00000468,gonzalezbeverly@example.com,Lake Diana,1367.85,ok,2025-06-16,S3-000000468
ORDERS-00000469,leclercqtimothee@example.com,Christinaport,4901.24,new,2025-10-10,S3-000000469
ORDERS-00000470,mandy56@example.org,Gotha,2284.48,new,2025-11-29,S3-000000470
ORDERS-00000471,xbaron@example.org,Voisin,1918.55,error,2025-08-17,S3-000000471
ORDERS-00000472,tony12@example.net,Sainte Valérie-les-Bains,2541.7,new,2025-05-13,S3-000000472
ORDERS-00000473,lunapatricia@example.net,Sainte Pauline,4320.27,ok,2025-05-19,S3-000000473
ORDERS-00000474,beata87@example.net,Kötzting,3863.6,ok,2026-02-07,S3-000000474
ORDERS-00000475,gregoire78@example.net,Kassel,1700.04,error,2025-03-02,S3-000000475
ORDERS-00000476,claudebonneau@example.net,Mellrichstadt,1336.6,new,2025-05-06,S3-000000476
ORDERS-00000477,nathaliefoucher@example.com,East Kathleenbury,1414.91,ok,2025-06-08,S3-000000477
ORDERS-00000478,bradclark@example.com,Hardinton,4187.54,error,2025-11-04,S3-000000478
ORDERS-00000479,padillaadrienne@example.com,Delorme,4994.51,ok,2025-10-05,S3-000000479
ORDERS-00000480,ysoeding@example.com,Sainte Alexandria-sur-Mer,4326.44,ok,2025-08-02,S3-000000480
ORDERS-00000481,tommy79@example.org,Besnard,2693.36,ok,2025-05-26,S3-000000481
ORDERS-00000482,heiner22@example.org,Lake Jerrymouth,1662.87,error,2025-04-11,S3-000000482
ORDERS-00000483,lmendoza@example.org,Simon-sur-Mer,1886.67,ok,2025-04-16,S3-000000483
ORDERS-00000484,gregoirelombard@example.net,Bautzen,4348.14,error,2025-06-06,S3-000000484
ORDERS-00000485,kscheuermann@example.net,,1194.79,ok,2025-08-19,S3-000000485
ORDERS-00000486,kleduc@example.org,Port Brandi,1168.58,ok,2025-10-26,S3-000000486
ORDERS-00000487,jacques57@example.net,Saint Alexandrianec,219.19,,2025-04-09,S3-000000487
ORDERS-00000488,annedorepaertzelt@example.net,New Cole,2365.41,ok,2026-02-11,S3-000000488
ORDERS-00000489,rossiconstance@example.org,Steinfurt,1931.01,error,2026-02-11,S3-000000489
ORDERS-00000490,beckermargaret@example.net,Woodton,3962.18,error,2025-09-19,S3-000000490
ORDERS-00000491,shawnaolson@example.com,South Dennisfort,4904.11,ok,2026-02-14,S3-000000491
ORDERS-00000492,doreen86@example.com,Wanzleben,4824.16,new,2025-12-29,S3-000000492
ORDERS-00000493,poelitzahmed@example.com,Lagarde,2511.95,error,2025-08-03,S3-000000493
ORDERS-00000494,mooredenise@example.com,Cunninghamview,1660.64,new,2025-07-30,S3-000000494
ORDERS-00000495,yrohleder@example.net,West Angie,4371.08,ok,2025-06-04,S3-000000495
ORDERS-00000496,kim62@example.net,Mellrichstadt,499.46,ok,2025-04-29,S3-000000496
ORDERS-00000497,andreakuehnert@example.com,Grenier-sur-Pottier,77.72,new,2025-03-18,S3-000000497
ORDERS-00000498,aschuster@example.org,Saulgau,2050.48,error,2025-04-01,S3-000000498
ORDERS-00000499,helfried51@example.net,Lobenstein,4849.81,new,2025-11-07,S3-000000499
ORDERS-00000500,michele90@example.org,NavarroVille,,ok,2026-01-22,S3-000000500
ORDERS-00000501,leon09@example.net,Bonneau,1693.47,error,2025-11-14,S3-000000501
ORDERS-00000502,ignaz02@example.org,Gomezfurt,1988.02,,2025-10-11,S3-000000502
ORDERS-00000503,walterhuelya@example.org,Wertingen,4258.97,error,2026-02-16,S3-000000503
ORDERS-00000504,adelaide43@example.net,Luckau,4296.85,ok,2025-02-27,S3-000000504
ORDERS-00000505,richardrodriguez@example.org,Leblanc,,error,2026-01-03,S3-000000505
ORDERS-00000506,elise94@example.net,Hartbury,3593.87,ok,2025-12-24,S3-000000506
ORDERS-00000507,bmosley@example.com,Bergzabern,4362.04,new,2025-10-30,S3-000000507
ORDERS-00000508,luitgardjopich@example.com,Lake Marilynbury,3087.68,new,2025-04-03,S3-000000508
ORDERS-00000509,charles27@example.com,New Joseph,3156.17,ok,2025-11-18,S3-000000509
ORDERS-00000510,,Aubry,4987.13,error,2025-05-26,S3-000000510
ORDERS-00000511,maryschoenland@example.com,Coburg,452.81,,2025-11-15,S3-000000511
ORDERS-00000512,abonneau@example.net,Kitzingen,3802.09,error,2025-06-28,S3-000000512
ORDERS-00000513,travis84@example.com,Bamberg,4363.02,ok,2026-01-02,S3-000000513
ORDERS-00000514,cayers@example.net,Daltonburgh,832.66,ok,,S3-000000514
ORDERS-00000515,sgomes@example.org,Konstanz,4517.22,new,2025-04-06,S3-000000515
ORDERS-00000516,chloe42@example.net,West Thomas,1622.55,,2025-07-09,S3-000000516
ORDERS-00000517,victorclark@example.net,,1467.55,ok,2025-05-06,S3-000000517
ORDERS-00000518,hortensetorres@example.org,Gera,2154.0,new,2025-08-12,S3-000000518
ORDERS-00000519,dustinhaley@example.org,East Robertberg,2656.3,error,2025-09-14,S3-000000519
ORDERS-00000520,simone74@example.com,Rousseau-sur-Chauvin,3409.32,new,2025-11-21,S3-000000520
ORDERS-00000521,handemargarete@example.com,South Julieview,850.75,new,2025-07-15,S3-000000521
ORDERS-00000522,adelaide06@example.org,New Barbara,3047.85,ok,2025-09-23,S3-000000522
ORDERS-00000523,norman58@example.com,Chevaliernec,3098.93,new,2025-06-17,S3-000000523
ORDERS-00000524,mirandadavidson@example.com,Sweeneyland,2488.84,error,2025-04-29,S3-000000524
,lawrencedelgado@example.net,Nelsonmouth,716.45,ok,2025-12-13,S3-000000525
ORDERS-00000526,kpasquier@example.org,Wesel,3189.89,ok,,S3-000000526
ORDERS-00000527,clarkrandy@example.org,Pößneck,1277.38,new,2025-03-08,S3-000000527
ORDERS-00000528,garciachristine@example.org,Ruiz-sur-Mer,4494.64,ok,2025-12-09,S3-000000528
ORDERS-00000529,isims@example.net,Bad Brückenau,4506.15,error,2025-07-14,S3-000000529
ORDERS-00000530,imcdonald@example.com,Dufour-les-Bains,2733.44,new,2025-10-16,S3-000000530
ORDERS-00000531,omills@example.net,Timothybury,2209.21,ok,2025-08-16,S3-000000531
ORDERS-00000532,robert24@example.org,Ilmenau,4938.27,ok,2025-08-27,S3-000000532
ORDERS-00000533,lagardeclaudine@example.com,Port Russellport,3195.05,ok,2025-05-26,S3-000000533
ORDERS-00000534,hans-helmut68@example.com,East Jennifer,3451.88,ok,2025-07-27,S3-000000534
ORDERS-00000535,josehenderson@example.org,Lemonnier-sur-Pottier,4226.67,new,2025-06-16,S3-000000535
ORDERS-00000536,antoinette31@example.org,Calau,4996.87,ok,2025-08-21,S3-000000536
ORDERS-00000537,smaillard@example.net,West Andrew,534.16,ok,2025-09-21,S3-000000537
ORDERS-00000538,,Lake Samuel,2860.04,error,2025-05-27,S3-000000538
ORDERS-00000539,alexandrenohlmans@example.org,Collinsfort,1480.07,error,2025-08-25,S3-000000539
ORDERS-00000540,remyedouard@example.org,Kötzting,1476.86,error,2025-09-24,S3-000000540
ORDERS-00000541,jamesskinner@example.com,Warendorf,1979.63,new,2025-07-25,S3-000000541
ORDERS-00000542,joanjohnson@example.com,Saint Christellenec,2830.08,error,2025-06-27,S3-000000542
ORDERS-00000543,crystalwilliams@example.net,Sainte Christine-la-Forêt,3891.78,new,2025-07-15,S3-000000543
ORDERS-00000544,yasemindowerg@example.org,GermainVille,4553.17,error,2025-12-31,S3-000000544
ORDERS-00000545,fosterjohn@example.org,,2484.14,ok,2025-12-22,S3-000000545
ORDERS-00000546,gilbertortmann@example.org,Maillot-sur-Thierry,3878.93,new,2025-03-21,S3-000000546
ORDERS-00000547,frauke28@example.org,Genthin,3035.72,ok,2025-09-30,S3-000000547
ORDERS-00000548,susan73@example.org,Pelletier-les-Bains,1095.8,new,2026-02-10,S3-000000548
ORDERS-00000549,ctrapp@example.net,Lopezburgh,3104.83,error,2025-07-11,S3-000000549
,mhill@example.net,Peine,3778.13,,2025-08-19,S3-000000550
ORDERS-00000551,amber70@example.net,Peron-les-Bains,3404.59,new,2025-10-24,S3-000000551
ORDERS-00000552,malikbrown@example.net,New Felicia,3141.61,error,2025-04-26,S3-000000552
ORDERS-00000553,tristan65@example.org,Bad Liebenwerda,3232.06,,2025-05-06,S3-000000553
ORDERS-00000554,ekkehardneureuther@example.org,Riesa,3943.26,new,2026-01-16,S3-000000554
ORDERS-00000555,sfox@example.net,,2898.29,error,2026-02-22,S3-000000555
ORDERS-00000556,dbudig@example.net,Ravensburg,657.93,ok,2026-02-25,S3-000000556
ORDERS-00000557,laura09@example.com,Saint Victoire,1634.27,ok,2025-03-28,S3-000000557
ORDERS-00000558,ditschlerinisolde@example.org,Aubert-sur-Mer,879.02,new,2025-11-08,S3-000000558
ORDERS-00000559,brittweiss@example.net,Port Daniellestad,3932.78,ok,2025-08-23,S3-000000559
ORDERS-00000560,kduval@example.org,Bodinboeuf,2654.73,ok,2025-04-28,S3-000000560
ORDERS-00000561,ubenard@example.net,Robertchester,4152.53,ok,2025-07-01,S3-000000561
ORDERS-00000562,genevievemorvan@example.org,Michaelmouth,4570.33,ok,2025-07-30,S3-000000562
ORDERS-00000563,hoelzenbecherdietlinde@example.org,Hernandez,4836.95,ok,2025-06-22,S3-000000563
ORDERS-00000564,nadeshdajopich@example.org,Lenoir,3733.05,ok,2025-09-30,S3-000000564
ORDERS-00000565,etiennemorel@example.com,East Joseph,4021.36,ok,2025-06-03,S3-000000565
ORDERS-00000566,mareile41@example.net,Lake Chris,4814.5,new,2025-12-30,S3-000000566
ORDERS-00000567,tracynolan@example.net,Sainte Augustenec,3771.0,new,2025-12-25,S3-000000567
ORDERS-00000568,nico66@example.org,Siegen,,error,2025-07-24,S3-000000568
,annekatrin05@example.net,Millet,3372.36,ok,2025-11-23,S3-000000569
ORDERS-00000570,bernardsteinberg@example.net,Mullinsshire,4836.38,error,2025-04-01,S3-000000570
ORDERS-00000571,yhoffmann@example.com,Husum,1829.51,ok,2025-08-29,S3-000000571
ORDERS-00000572,levyandree@example.com,Nördlingen,70.58,error,,S3-000000572
,paulettedufour@example.com,Coulon,618.82,ok,2025-11-06,S3-000000573
ORDERS-00000574,gabriellechauvet@example.net,Berger,3364.47,error,2025-06-09,S3-000000574
ORDERS-00000575,gail91@example.org,Briandboeuf,1311.54,ok,2025-05-10,S3-000000575
ORDERS-00000576,brittney04@example.org,Hansonmouth,4112.26,ok,2026-02-19,S3-000000576
ORDERS-00000577,heidekoester@example.org,Saint NicoleVille,542.62,new,2025-10-25,S3-000000577
ORDERS-00000578,alex51@example.com,Johnsonborough,2357.91,error,2025-09-22,S3-000000578
ORDERS-00000579,beritpreiss@example.com,Loiseau-les-Bains,4421.29,error,2025-11-24,S3-000000579
,malletisabelle@example.net,Sainte Jean,1640.7,error,2025-06-16,S3-000000580
ORDERS-00000581,bernhard70@example.org,Elizabethstad,1107.61,new,2025-03-05,S3-000000581
ORDERS-00000582,yhall@example.net,Sainte ClaireBourg,3177.38,ok,2025-05-14,S3-000000582
ORDERS-00000583,tguilbert@example.org,Peine,4547.03,ok,2025-07-05,S3-000000583
ORDERS-00000584,bgarner@example.com,Monnier,3246.55,new,2025-06-23,S3-000000584
ORDERS-00000585,maren04@example.com,Garmisch-Partenkirchen,699.75,new,2025-07-08,S3-000000585
ORDERS-00000586,christopherreyes@example.net,Delattre,1522.52,ok,2025-10-06,S3-000000586
ORDERS-00000587,mjockel@example.com,East Denise,581.49,new,2025-09-24,S3-000000587
ORDERS-00000588,guillaumeruiz@example.net,Dufournec,4436.41,new,2025-11-07,S3-000000588
ORDERS-00000589,timotheemercier@example.net,Saint Timothée-les-Bains,1943.84,ok,2025-03-09,S3-000000589
ORDERS-00000590,tali@example.com,Fernandes,3352.76,error,2025-04-08,S3-000000590
ORDERS-00000591,andreswiek@example.net,Seguin,3482.72,error,2025-10-21,S3-000000591
ORDERS-00000592,herrmannstriebitz@example.org,Lake Kimberlyberg,2096.21,error,2026-01-20,S3-000000592
ORDERS-00000593,pmendes@example.com,Neustrelitz,3633.27,ok,2025-04-20,S3-000000593
ORDERS-00000594,henningbeckmann@example.com,Lübben,3274.95,ok,,S3-000000594
ORDERS-00000595,oliviemartins@example.org,Schwandorf,3078.65,ok,2025-11-20,S3-000000595
ORDERS-00000596,bclay@example.com,,164.55,ok,2025-07-29,S3-000000596
ORDERS-00000597,dijouxfranck@example.com,East Aprilfurt,1087.13,ok,2025-03-13,S3-000000597
ORDERS-00000598,wblondel@example.net,Halberstadt,4752.83,ok,2025-07-30,S3-000000598
ORDERS-00000599,steven64@example.net,Monschau,497.67,error,2025-08-20,S3-000000599
ORDERS-00000600,girschnerleyla@example.net,Dufournec,,error,2025-07-01,S3-000000600
ORDERS-00000601,whitebrittany@example.net,Bremen,1794.01,ok,2025-07-01,S3-000000601
ORDERS-00000602,,Vohenstrauß,1380.13,new,2025-10-30,S3-000000602
ORDERS-00000603,millspatrick@example.net,Hoareau,4745.1,ok,2025-07-23,S3-000000603
ORDERS-00000604,siegrunkaester@example.net,Goncalves,459.28,new,2025-05-06,S3-000000604
ORDERS-00000605,,Hervé-les-Bains,3208.88,error,2026-02-09,S3-000000605
ORDERS-00000606,adalbertscholtz@example.com,Nordhausen,4855.5,new,2025-09-25,S3-000000606
ORDERS-00000607,nhellwig@example.net,De Sousanec,3934.19,new,2025-03-28,S3-000000607
ORDERS-00000608,moulinemmanuelle@example.com,GuillaumeVille,4944.12,error,2025-04-24,S3-000000608
ORDERS-00000609,arndt20@example.net,Léger-sur-Rémy,1026.82,error,2025-03-17,S3-000000609
ORDERS-00000610,kgiess@example.net,South Kara,1036.58,new,2026-02-22,S3-000000610
ORDERS-00000611,wilmsenkristian@example.com,Wilkinschester,4065.45,new,2025-03-23,S3-000000611
ORDERS-00000612,staylor@example.com,Warrenborough,1643.47,new,2025-03-20,S3-000000612
ORDERS-00000613,netteisabell@example.net,Launay,3943.43,error,2026-01-21,S3-000000613
ORDERS-00000614,alicia95@example.org,Mahe-sur-Dijoux,15.17,new,2025-10-29,S3-000000614
ORDERS-00000615,nmorton@example.org,Leclercq,4937.65,error,2025-04-12,S3-000000615
ORDERS-00000616,yschomber@example.org,Chauvet,,new,2025-08-05,S3-000000616
ORDERS-00000617,niels83@example.org,Blot,550.52,new,2025-06-04,S3-000000617
ORDERS-00000618,,Torgau,659.88,ok,2025-07-08,S3-000000618
ORDERS-00000619,collierjames@example.com,ReynaudVille,3950.13,new,2025-04-19,S3-000000619
ORDERS-00000620,courtneymcclain@example.net,Bowerschester,2944.68,new,2025-03-19,S3-000000620
ORDERS-00000621,genevieve58@example.net,Roding,872.06,new,2025-07-04,S3-000000621
ORDERS-00000622,montesjuan@example.org,Simsburgh,634.67,ok,2025-10-19,S3-000000622
ORDERS-00000623,brookehancock@example.com,Lacombe,2630.9,error,2025-06-11,S3-000000623
ORDERS-00000624,crawfordjohn@example.com,New Kevin,318.73,ok,2025-07-21,S3-000000624
ORDERS-00000625,sigriddavids@example.com,Sainte Constance,3890.31,error,2025-05-10,S3-000000625
ORDERS-00000626,hoconnor@example.com,Port Monica,2968.74,ok,2025-11-15,S3-000000626
ORDERS-00000627,isabellabeier@example.com,North Larryton,2519.69,error,2026-01-21,S3-000000627
ORDERS-00000628,le-rouxchantal@example.org,Aschaffenburg,217.78,error,2025-12-17,S3-000000628
ORDERS-00000629,manuellee@example.com,Leleu,2607.73,ok,2025-11-13,S3-000000629
ORDERS-00000630,george24@example.org,Forst,3217.06,new,2025-07-12,S3-000000630
ORDERS-00000631,richard24@example.net,Bernburg,305.07,ok,2025-10-22,S3-000000631
ORDERS-00000632,bwilliams@example.com,Saint Alice,4236.65,ok,,S3-000000632
ORDERS-00000633,mwhite@example.net,Chauvetboeuf,3430.8,ok,2025-07-05,S3-000000633
ORDERS-00000634,wendekorinna@example.com,Morin,3562.29,ok,2025-08-26,S3-000000634
ORDERS-00000635,rjessel@example.net,Lelièvre-sur-Mer,368.38,new,2025-04-22,S3-000000635
ORDERS-00000636,aimee62@example.net,Germain,1611.24,new,2025-09-03,S3-000000636
ORDERS-00000637,muelichenenrico@example.com,Singletonport,329.35,ok,2025-10-18,S3-000000637
ORDERS-00000638,daniellehenry@example.com,Sainte FrédériqueBourg,3121.96,error,2025-09-20,S3-000000638
ORDERS-00000639,pgarza@example.net,Neunburg vorm Wald,2742.23,ok,2025-03-23,S3-000000639
ORDERS-00000640,lisagarza@example.com,Devaux,1905.14,,2025-05-28,S3-000000640
ORDERS-00000641,warmersvenja@example.net,Noëldan,2653.25,ok,2025-09-29,S3-000000641
ORDERS-00000642,tgierschner@example.com,Tirschenreuth,2528.25,ok,2025-12-22,S3-000000642
ORDERS-00000643,troy01@example.org,Wurzen,496.79,error,2025-11-09,S3-000000643
ORDERS-00000644,sreichmann@example.com,Cohen-sur-Pierre,572.96,error,2025-11-17,S3-000000644
ORDERS-00000645,ashley46@example.net,New Alanhaven,3254.93,error,2026-01-21,S3-000000645
ORDERS-00000646,burkhardt58@example.org,Calau,3604.48,new,,S3-000000646
ORDERS-00000647,,Jenniferfurt,2150.92,new,2025-08-14,S3-000000647
ORDERS-00000648,margaudgiraud@example.com,Rathenow,2069.65,ok,2026-01-19,S3-000000648
ORDERS-00000649,qmoore@example.org,Bernburg,1994.25,error,2025-03-04,S3-000000649
ORDERS-00000650,bsontag@example.org,Sondershausen,476.33,ok,2026-01-26,S3-000000650
ORDERS-00000651,dhanson@example.net,Cruzbury,1563.31,ok,2025-08-09,S3-000000651
ORDERS-00000652,verdiercolette@example.net,Lörrach,1872.13,new,2025-10-07,S3-000000652
ORDERS-00000653,goodashley@example.net,New Timothyland,3434.42,ok,2025-12-06,S3-000000653
ORDERS-00000654,chantal81@example.net,Saint CharlotteBourg,336.6,new,2025-10-30,S3-000000654
ORDERS-00000655,juliette05@example.net,Mettmann,467.06,new,,S3-000000655
ORDERS-00000656,robert44@example.org,Wesel,3723.2,ok,2025-06-07,S3-000000656
ORDERS-00000657,ksager@example.net,Wittmund,4059.03,,2025-03-08,S3-000000657
ORDERS-00000658,,Davidview,300.84,error,2026-01-25,S3-000000658
ORDERS-00000659,figueroacassandra@example.net,Delmas,2808.86,error,2025-07-19,S3-000000659
ORDERS-00000660,lieschen37@example.org,Sainte Émile,612.03,ok,2025-10-15,S3-000000660
ORDERS-00000661,aweller@example.com,Wertingen,,ok,2025-05-01,S3-000000661
ORDERS-00000662,bert41@example.org,Lippstadt,4340.59,error,2025-06-23,S3-000000662
ORDERS-00000663,noahthornton@example.com,New Monica,258.18,ok,2025-06-18,S3-000000663
ORDERS-00000664,hgregory@example.net,Perleberg,3002.45,ok,2025-07-13,S3-000000664
ORDERS-00000665,,Michaud-sur-Pinto,518.9,error,2025-12-13,S3-000000665
ORDERS-00000666,annamariakallert@example.net,Bouvier,1064.48,error,2025-03-02,S3-000000666
ORDERS-00000667,mercieralexandre@example.com,Tirschenreuth,2411.46,new,2025-07-12,S3-000000667
ORDERS-00000668,janko30@example.org,Saint Jeannine-sur-Mer,1751.22,error,2025-10-31,S3-000000668
ORDERS-00000669,christophnadia@example.net,Staßfurt,1838.44,ok,2025-10-03,S3-000000669
ORDERS-00000670,textorhans-erich@example.com,Guerreroland,2870.93,ok,2025-08-21,S3-000000670
ORDERS-00000671,qschwartz@example.com,Port Charles,4225.93,error,2025-07-24,S3-000000671
ORDERS-00000672,wendy44@example.org,South Tiffanyborough,3068.25,error,2025-07-28,S3-000000672
ORDERS-00000673,jdoerr@example.net,New Dawn,2784.14,error,2025-11-30,S3-000000673
ORDERS-00000674,johnsonchad@example.net,Smithfort,4645.49,error,2025-11-06,S3-000000674
ORDERS-00000675,morelmargot@example.com,Lake Mark,,,2025-10-07,S3-000000675
ORDERS-00000676,bmueller@example.com,Saint Adriennec,1367.08,ok,2026-01-09,S3-000000676
ORDERS-00000677,bradleysavannah@example.com,Richardland,4607.77,ok,2025-09-21,S3-000000677
ORDERS-00000678,randallkathleen@example.com,Schmitt,31.52,new,2025-03-13,S3-000000678
ORDERS-00000679,kentprice@example.org,Coulon,2832.04,ok,2026-02-04,S3-000000679
ORDERS-00000680,mguyon@example.org,Aue,348.86,error,2025-10-14,S3-000000680
ORDERS-00000681,ekrebs@example.net,Didier,3166.23,new,2026-01-15,S3-000000681
ORDERS-00000682,johnsonbrian@example.net,Cloppenburg,459.7,error,2026-01-05,S3-000000682
ORDERS-00000683,ipotier@example.org,Rey-sur-Guérin,1076.45,ok,2025-12-08,S3-000000683
ORDERS-00000684,,Saint Martine,2268.78,new,2025-04-17,S3-000000684
ORDERS-00000685,evamariabinner@example.com,Schongau,1850.9,error,2026-01-16,S3-000000685
ORDERS-00000686,gautiergabriel@example.com,Vasseur-sur-Andre,1622.59,error,2025-08-10,S3-000000686
ORDERS-00000687,rnguyen@example.net,Lebrun,2981.52,new,2025-12-19,S3-000000687
ORDERS-00000688,michabolnbach@example.org,Port Robert,778.74,error,2025-07-19,S3-000000688
ORDERS-00000689,brigitteberger@example.net,Burgdorf,249.76,new,2025-10-21,S3-000000689
ORDERS-00000690,alexistucker@example.org,Brandenburg,1361.24,error,2025-11-06,S3-000000690
ORDERS-00000691,arnaude72@example.org,Parsberg,2120.65,error,2025-08-05,S3-000000691
ORDERS-00000692,elenisuessebier@example.org,Wagner,2210.78,ok,2025-10-21,S3-000000692
ORDERS-00000693,nico60@example.net,Cloppenburg,1078.63,error,2025-04-04,S3-000000693
ORDERS-00000694,patricia88@example.org,West Brian,569.97,ok,,S3-000000694
ORDERS-00000695,loestrovsky@example.org,Saint Madeleine,555.34,error,2025-06-16,S3-000000695
ORDERS-00000696,vhermann@example.net,,3392.75,ok,2025-04-28,S3-000000696
ORDERS-00000697,hpieper@example.org,Saarlouis,2635.14,ok,2025-07-02,S3-000000697
ORDERS-00000698,julievillanueva@example.org,Geithain,228.04,ok,2025-05-29,S3-000000698
ORDERS-00000699,ybourgeois@example.org,Rothenburg ob der Tauber,4922.24,new,,S3-000000699
ORDERS-00000700,javierlynch@example.org,Derekborough,39.43,ok,2025-07-15,S3-000000700
ORDERS-00000701,matthewjohnson@example.net,Demmin,4726.68,new,2026-01-22,S3-000000701
ORDERS-00000702,wbarnes@example.com,Schleiz,3821.04,ok,2025-12-29,S3-000000702
ORDERS-00000703,hortenselenoir@example.org,Parsberg,1641.28,new,2026-01-26,S3-000000703
ORDERS-00000704,rmisicher@example.org,Guyon-sur-Mer,2487.43,ok,2025-07-03,S3-000000704
ORDERS-00000705,patriciavargas@example.org,Sainte Benjamin,879.3,ok,,S3-000000705
ORDERS-00000706,lamyeleonore@example.com,South Tylerland,2663.38,new,2025-12-15,S3-000000706
ORDERS-00000707,iharloff@example.com,Lake Yolanda,2501.81,error,2025-08-31,S3-000000707
ORDERS-00000708,isaac79@example.net,Sainte Célina,4031.19,new,2026-01-31,S3-000000708
ORDERS-00000709,ygonzalez@example.com,FischerVille,1985.96,error,2025-03-25,S3-000000709
ORDERS-00000710,alyssa46@example.com,Allard-sur-Bruneau,212.47,new,2025-12-28,S3-000000710
ORDERS-00000711,legendrexavier@example.net,Badoberan,2299.31,new,2025-07-24,S3-000000711
ORDERS-00000712,xharvey@example.com,Regen,4310.69,error,2025-12-23,S3-000000712
ORDERS-00000713,mesuthenck@example.net,Wittmund,2146.99,ok,2026-01-30,S3-000000713
ORDERS-00000714,odettevallet@example.org,Rachaelhaven,3547.79,ok,2025-08-09,S3-000000714
ORDERS-00000715,,Rivièredan,1448.29,ok,2025-09-20,S3-000000715
ORDERS-00000716,catherine95@example.net,Saint CélineBourg,105.26,ok,2025-07-27,S3-000000716
ORDERS-00000717,verena11@example.org,Lake Earlberg,860.19,error,2025-09-16,S3-000000717
ORDERS-00000718,cousinarnaude@example.net,Reynaud,2301.02,error,2025-08-08,S3-000000718
ORDERS-00000719,carterbryan@example.org,Bouchet,4598.93,new,2025-07-09,S3-000000719
ORDERS-00000720,claire98@example.net,Torresberg,2184.12,new,2025-05-03,S3-000000720
ORDERS-00000721,toddarellano@example.org,Güstrow,1217.34,error,2025-05-01,S3-000000721
ORDERS-00000722,micheleregnier@example.com,Waldmünchen,2002.85,new,2026-02-12,S3-000000722
ORDERS-00000723,isaacgomez@example.org,Rockenhausen,1979.44,ok,2025-08-16,S3-000000723
ORDERS-00000724,jack80@example.net,Earlmouth,3729.28,new,2025-04-30,S3-000000724
ORDERS-00000725,gerard06@example.com,,1666.01,,,S3-000000725
ORDERS-00000726,madeleine47@example.com,Moreno,382.82,error,2026-02-13,S3-000000726
ORDERS-00000727,hannah70@example.org,Ferreira-la-Forêt,571.02,error,2025-07-31,S3-000000727
ORDERS-00000728,,New Danielleshire,970.32,ok,2025-05-23,S3-000000728
ORDERS-00000729,andrewryan@example.com,Sainte Léondan,1756.15,error,2025-10-18,S3-000000729
ORDERS-00000730,martineauagnes@example.com,Kemnath,4075.37,new,2025-07-20,S3-000000730
ORDERS-00000731,,Saint Nathaliedan,514.92,ok,2025-08-06,S3-000000731
ORDERS-00000732,frank66@example.org,Fernandez-sur-Meunier,987.16,,2025-06-23,S3-000000732
ORDERS-00000733,carl96@example.org,Soltau,765.2,error,2025-08-05,S3-000000733
,ktroest@example.org,Kronach,377.69,error,2025-09-29,S3-000000734
ORDERS-00000735,carsonkevin@example.net,Hansenmouth,2471.09,error,2025-03-08,S3-000000735
ORDERS-00000736,jonasjacob@example.net,,3799.63,ok,2025-05-06,S3-000000736
ORDERS-00000737,anthonyhubbard@example.com,Rostock,3405.99,error,2025-10-03,S3-000000737
ORDERS-00000738,courtney71@example.com,Durand-sur-Poirier,3215.32,,2025-10-09,S3-000000738
ORDERS-00000739,marcusmisicher@example.net,Eberswalde,1616.72,error,2025-06-11,S3-000000739
ORDERS-00000740,wfields@example.org,Alyssaland,1581.38,ok,2025-05-12,S3-000000740
,paulettegauthier@example.net,,342.36,ok,2026-01-02,S3-000000741
ORDERS-00000742,gina51@example.net,Meunier,3157.29,ok,2025-04-20,S3-000000742
ORDERS-00000743,alix76@example.com,Fürstenwalde,2957.51,ok,2025-09-09,S3-000000743
ORDERS-00000744,lotteroemer@example.net,RossiBourg,2537.18,ok,2025-08-23,S3-000000744
ORDERS-00000745,eigenwilligstefania@example.org,Larrystad,2309.25,new,,S3-000000745
ORDERS-00000746,gerald40@example.net,Dachau,285.39,,2025-04-22,S3-000000746
ORDERS-00000747,thibaultmarchand@example.org,Magdeburg,384.58,new,2025-12-19,S3-000000747
ORDERS-00000748,baehrleila@example.com,East Danielhaven,3075.43,error,2025-03-21,S3-000000748
,kerrbradley@example.com,Saint Sabine,1923.03,error,2026-02-18,S3-000000749
ORDERS-00000750,jacquelinebourgeois@example.org,Leroy,2772.03,error,2025-04-23,S3-000000750
ORDERS-00000751,ines55@example.org,Guillot-sur-Bodin,4479.49,ok,2025-03-24,S3-000000751
ORDERS-00000752,raedelheinz-guenther@example.net,Eilenburg,4545.34,error,2025-02-27,S3-000000752
ORDERS-00000753,benoitcorinne@example.net,Helenburgh,3259.54,ok,2025-11-14,S3-000000753
ORDERS-00000754,marthaklapp@example.com,New Jeremy,3025.42,error,2025-12-18,S3-000000754
ORDERS-00000755,owensapril@example.com,Angelaton,755.15,new,2025-07-03,S3-000000755
ORDERS-00000756,cruzstephen@example.net,Perezchester,2253.17,ok,2026-01-24,S3-000000756
ORDERS-00000757,melissajacobson@example.com,Colin,4911.95,new,2025-11-14,S3-000000757
ORDERS-00000758,sandersalexandra@example.net,Dinkelsbühl,2523.24,new,2025-07-31,S3-000000758
ORDERS-00000759,traorejean@example.org,West James,196.67,error,2025-04-14,S3-000000759
ORDERS-00000760,fvan-der-dussen@example.com,Allain-sur-Maillard,2189.35,ok,2025-07-31,S3-000000760
ORDERS-00000761,zestrada@example.com,Caron,2620.82,error,2025-04-08,S3-000000761
ORDERS-00000762,adelheid73@example.net,Burg,794.57,ok,2025-03-18,S3-000000762
ORDERS-00000763,bstiebitz@example.org,Ericville,4589.77,ok,2025-11-09,S3-000000763
ORDERS-00000764,mturpin@example.com,Marin-la-Forêt,2044.44,ok,2025-07-09,S3-000000764
ORDERS-00000765,salmonarthur@example.com,Meppen,3394.81,new,2026-01-23,S3-000000765
ORDERS-00000766,cstevens@example.org,Munoz,3946.35,error,2025-09-04,S3-000000766
ORDERS-00000767,larryprice@example.org,Delmasdan,1673.91,,2025-10-02,S3-000000767
ORDERS-00000768,kreinjorge@example.com,Chauvetboeuf,473.44,error,2025-06-30,S3-000000768
ORDERS-00000769,schaeferbaptist@example.org,,1933.43,ok,2025-12-20,S3-000000769
ORDERS-00000770,alex16@example.com,Bellbury,,error,2025-05-28,S3-000000770
ORDERS-00000771,jeanne11@example.com,Eichstätt,4822.09,error,2025-09-23,S3-000000771
ORDERS-00000772,murraymichelle@example.net,Da CostaVille,4366.53,ok,2025-08-27,S3-000000772
ORDERS-00000773,prevostalexandria@example.net,Ashleyfort,408.43,error,2025-11-21,S3-000000773
ORDERS-00000774,yvesmahe@example.net,Brun,708.0,ok,,S3-000000774
ORDERS-00000775,oharris@example.org,Hervé,1551.85,error,2025-03-16,S3-000000775
ORDERS-00000776,nballard@example.net,Saarlouis,3492.7,,2025-06-12,S3-000000776
ORDERS-00000777,nloos@example.com,Oberviechtach,645.63,error,2025-08-13,S3-000000777
ORDERS-00000778,luc66@example.com,De Sousa-les-Bains,4690.07,ok,2025-10-27,S3-000000778
ORDERS-00000779,hortensedidier@example.org,Royernec,2795.05,error,2025-12-05,S3-000000779
ORDERS-00000780,barbeluc@example.com,East Edward,3958.52,new,2025-12-20,S3-000000780
ORDERS-00000781,ejenkins@example.net,Groß-Gerau,3350.91,error,2025-11-03,S3-000000781
ORDERS-00000782,heidelore93@example.com,Dresden,4985.82,error,2025-03-08,S3-000000782
ORDERS-00000783,vitali78@example.com,East Erikberg,468.17,error,2025-06-06,S3-000000783
ORDERS-00000784,dawnwilliams@example.net,North Micheleland,2117.61,ok,2025-10-17,S3-000000784
ORDERS-00000785,,Sainte Virginie-les-Bains,92.13,ok,2025-04-10,S3-000000785
ORDERS-00000786,barbemargot@example.net,Mahe,902.13,new,2025-05-29,S3-000000786
ORDERS-00000787,leleususan@example.com,Shafferbury,1709.32,ok,2025-05-21,S3-000000787
ORDERS-00000788,gertzheinz@example.com,Kingshire,960.83,new,2025-09-04,S3-000000788
ORDERS-00000789,martine15@example.net,Vegaview,775.57,ok,2025-07-16,S3-000000789
ORDERS-00000790,lori09@example.org,Saint Philippe,4222.3,new,2025-07-25,S3-000000790
ORDERS-00000791,rebecca18@example.org,Smithfurt,2538.94,error,2025-06-22,S3-000000791
ORDERS-00000792,konstantinoshaering@example.org,Natashachester,4175.76,error,2025-06-12,S3-000000792
ORDERS-00000793,vmude@example.com,Mcdowellville,189.7,ok,2025-11-24,S3-000000793
ORDERS-00000794,bellcarrie@example.net,De Sousa,4382.09,error,,S3-000000794
ORDERS-00000795,eugeniamartin@example.net,Lobenstein,656.11,,2025-10-28,S3-000000795
ORDERS-00000796,barbara12@example.org,Valentin,772.11,new,2025-08-04,S3-000000796
ORDERS-00000797,vmendoza@example.org,Lake Brittany,4156.89,error,,S3-000000797
ORDERS-00000798,christopherrichardson@example.com,North Stacy,4045.41,new,2025-11-04,S3-000000798
ORDERS-00000799,emmanuelpinto@example.org,North Richard,3606.19,new,2025-10-17,S3-000000799
ORDERS-00000800,christopherrichardson@example.net,Weißenfels,2054.88,error,2025-08-13,S3-000000800
ORDERS-00000801,twilson@example.org,Hagenow,3598.21,ok,2025-09-05,S3-000000801
ORDERS-00000802,ryanclark@example.org,South Henry,3053.37,error,2025-03-09,S3-000000802
ORDERS-00000803,joe73@example.com,ClémentVille,3919.22,new,2025-04-18,S3-000000803
ORDERS-00000804,,Guyon-la-Forêt,2670.52,ok,2025-04-04,S3-000000804
ORDERS-00000805,rouxxavier@example.org,Wendyton,4828.02,ok,2025-06-04,S3-000000805
,zhernandez@example.net,New Blake,4519.97,new,2025-06-07,S3-000000806
ORDERS-00000807,dkambs@example.org,Wanzleben,1839.84,error,2025-08-13,S3-000000807
ORDERS-00000808,erich50@example.org,,4922.21,ok,2026-02-11,S3-000000808
ORDERS-00000809,zachary62@example.com,Salmon-les-Bains,3847.42,ok,2026-01-23,S3-000000809
ORDERS-00000810,mvincent@example.org,Emmendingen,2515.03,ok,2025-08-27,S3-000000810
ORDERS-00000811,janicegraham@example.com,Jüterbog,4831.37,new,2025-10-01,S3-000000811
ORDERS-00000812,uvasquez@example.org,Bremervörde,4006.49,new,2026-01-29,S3-000000812
ORDERS-00000813,marybrady@example.com,Lecomte-sur-Guillon,4365.14,new,2025-09-18,S3-000000813
ORDERS-00000814,arnaudegarnier@example.org,West Anthonyville,3206.25,,2025-07-21,S3-000000814
ORDERS-00000815,bretonhonore@example.org,Waldmünchen,2773.15,new,2025-08-31,S3-000000815
ORDERS-00000816,brooke05@example.org,Sauvage-sur-Germain,3557.29,error,,S3-000000816
ORDERS-00000817,marcelrousseau@example.net,Laurenland,4255.98,ok,2025-10-17,S3-000000817
ORDERS-00000818,rossgregory@example.com,Freising,420.29,new,2025-07-26,S3-000000818
ORDERS-00000819,deborah21@example.com,Fitzgeraldport,1364.68,error,2025-10-18,S3-000000819
ORDERS-00000820,gisela15@example.net,Mellrichstadt,737.6,ok,2025-08-30,S3-000000820
ORDERS-00000821,bdavis@example.com,Gay,459.48,new,2025-08-10,S3-000000821
ORDERS-00000822,peukertmirko@example.com,Jourdan,4083.7,ok,2025-11-30,S3-000000822
ORDERS-00000823,oputz@example.net,Sainte Chantalnec,4652.43,ok,2026-02-13,S3-000000823
ORDERS-00000824,edgar24@example.org,ColletVille,267.23,error,2025-03-27,S3-000000824
ORDERS-00000825,pergandesilvio@example.com,Stendal,1870.43,ok,2025-10-04,S3-000000825
ORDERS-00000826,jonathan18@example.org,Eisenhüttenstadt,4972.63,ok,,S3-000000826
ORDERS-00000827,millernancy@example.com,Toddmouth,1123.47,ok,2026-01-05,S3-000000827
ORDERS-00000828,tammy23@example.org,Suhl,4654.2,error,2025-08-13,S3-000000828
,thomasanastasie@example.org,Starnberg,3250.15,new,2025-08-23,S3-000000829
ORDERS-00000830,vdescamps@example.net,Baillyboeuf,688.86,ok,2025-11-14,S3-000000830
ORDERS-00000831,fhernandez@example.org,Erkelenz,4587.06,ok,2026-01-08,S3-000000831
ORDERS-00000832,nataliabauer@example.org,Lake John,3480.66,new,2026-01-25,S3-000000832
ORDERS-00000833,emmanuelhernandez@example.com,Lüneburg,3794.45,ok,2025-04-12,S3-000000833
ORDERS-00000834,joanatintzmann@example.com,Smithmouth,2243.56,,2025-05-31,S3-000000834
ORDERS-00000835,cathrin60@example.com,Seelow,4529.38,new,2025-08-12,S3-000000835
ORDERS-00000836,mmclaughlin@example.net,Da Silva,1280.36,new,2025-07-31,S3-000000836
ORDERS-00000837,dhall@example.net,Roding,2744.47,error,2025-09-28,S3-000000837
ORDERS-00000838,rosalinde67@example.org,Shanechester,3044.79,ok,2025-04-29,S3-000000838
ORDERS-00000839,taylorkim@example.net,Scheinfeld,556.82,ok,2025-11-08,S3-000000839
ORDERS-00000840,nicolesharp@example.com,Lauraburgh,1188.96,new,2025-05-17,S3-000000840
,estradadavid@example.org,Burgdorf,239.7,ok,,S3-000000841
ORDERS-00000842,jasonwilliams@example.org,Michaelburgh,3195.12,error,2026-01-13,S3-000000842
ORDERS-00000843,andreyves@example.com,Coburg,2286.11,new,2025-05-24,S3-000000843
ORDERS-00000844,victoria50@example.net,Port Hannah,4183.6,ok,2025-10-18,S3-000000844
,munozbenoit@example.com,North Kimberlyville,2984.1,new,2025-03-14,S3-000000845
ORDERS-00000846,brunlouise@example.org,Ebermannstadt,3160.14,error,2025-06-19,S3-000000846
ORDERS-00000847,gledoux@example.com,Saint Madeleineboeuf,1210.45,new,2026-01-10,S3-000000847
ORDERS-00000848,gutknechttheobald@example.com,Naila,1457.07,new,2025-06-17,S3-000000848
ORDERS-00000849,,Alves-sur-Mer,3074.43,new,2025-12-15,S3-000000849
ORDERS-00000850,idumas@example.com,Villanuevahaven,2853.75,new,2025-07-16,S3-000000850
ORDERS-00000851,xfiebig@example.org,MullerBourg,3322.19,new,2025-06-28,S3-000000851
ORDERS-00000852,ryanlong@example.org,Bruneau,2617.9,ok,2025-10-29,S3-000000852
ORDERS-00000853,astrid68@example.com,Barre,339.33,error,2026-01-13,S3-000000853
ORDERS-00000854,isabellagriffin@example.org,Maurice-sur-Gilles,2720.87,error,2025-11-23,S3-000000854
ORDERS-00000855,trowe@example.org,Königs Wusterhausen,2771.21,ok,2025-12-02,S3-000000855
ORDERS-00000856,dorotheegimenez@example.com,Oranienburg,4366.78,new,2025-06-27,S3-000000856
ORDERS-00000857,olivie20@example.org,Poirier-sur-Guillot,3178.72,ok,2025-12-05,S3-000000857
ORDERS-00000858,dennismckenzie@example.com,MonnierBourg,1269.0,new,2025-12-16,S3-000000858
ORDERS-00000859,ponstheophile@example.net,Sainte Yves,1786.11,new,2026-01-04,S3-000000859
,adeleribeiro@example.com,Maillet-sur-Joly,1724.67,error,2025-07-22,S3-000000860
ORDERS-00000861,francoismillet@example.net,Merle,3285.86,new,2025-08-21,S3-000000861
ORDERS-00000862,ingetraudloeffler@example.com,Beilngries,3857.74,error,2026-02-06,S3-000000862
ORDERS-00000863,chamann@example.org,Chapmanhaven,3783.64,new,2026-01-30,S3-000000863
ORDERS-00000864,cfields@example.net,Colonberg,222.63,error,2025-04-16,S3-000000864
ORDERS-00000865,tanderson@example.net,Saint Céciledan,1693.4,error,2025-12-12,S3-000000865
ORDERS-00000866,sonja19@example.com,Kemnath,876.27,error,2025-06-18,S3-000000866
ORDERS-00000867,erkankoehler@example.com,Kellytown,2323.65,error,2025-04-22,S3-000000867
ORDERS-00000868,trousseau@example.com,Wittstock,,new,2025-02-26,S3-000000868
ORDERS-00000869,cengiz06@example.com,Moreno,4057.68,new,2026-02-10,S3-000000869
ORDERS-00000870,ualvarez@example.net,Oberviechtach,3580.51,ok,2025-08-24,S3-000000870
ORDERS-00000871,uhernandez@example.com,Kyritz,185.88,new,2026-02-10,S3-000000871
ORDERS-00000872,amber74@example.net,Waldmünchen,219.99,new,2025-10-06,S3-000000872
ORDERS-00000873,gabrielle18@example.org,Ribnitz-Damgarten,4429.07,ok,2025-05-10,S3-000000873
ORDERS-00000874,martinezsharon@example.org,Forst,4666.92,error,2026-01-14,S3-000000874
ORDERS-00000875,zclement@example.net,Maréchal,1991.72,error,2025-03-15,S3-000000875
ORDERS-00000876,morganhenry@example.org,Weber,2367.53,new,2025-04-02,S3-000000876
ORDERS-00000877,riehlgunnar@example.com,Greiz,3766.7,new,2025-04-26,S3-000000877
ORDERS-00000878,dgregory@example.net,North Jennifer,1431.27,new,2025-07-27,S3-000000878
ORDERS-00000879,friedhelm65@example.com,North Jamesshire,4329.13,ok,2025-09-05,S3-000000879
ORDERS-00000880,rnoel@example.org,Tranland,1366.81,ok,2025-03-09,S3-000000880
ORDERS-00000881,robinsmith@example.net,Saint Paulette-les-Bains,2185.32,ok,2025-10-04,S3-000000881
ORDERS-00000882,omiller@example.net,Kleve,3716.8,ok,2025-05-02,S3-000000882
ORDERS-00000883,croehricht@example.org,Schweinfurt,1695.84,new,2025-11-06,S3-000000883
ORDERS-00000884,bonbachsybille@example.com,Maryfurt,2481.52,ok,2026-01-19,S3-000000884
ORDERS-00000885,isabellegros@example.com,Wittstock,1837.37,error,2025-10-02,S3-000000885
ORDERS-00000886,dietrich61@example.org,Guyotnec,1334.34,new,2025-10-21,S3-000000886
ORDERS-00000887,maggie54@example.net,Johnmouth,3635.68,new,2025-05-18,S3-000000887
ORDERS-00000888,allen20@example.net,North Emilychester,2153.61,new,2026-02-08,S3-000000888
ORDERS-00000889,zledoux@example.net,Pirmasens,2727.83,ok,2026-02-07,S3-000000889
ORDERS-00000890,hmaillet@example.com,Paultown,513.89,ok,2025-08-24,S3-000000890
ORDERS-00000891,seanwalker@example.org,Jamesport,3304.94,ok,2025-05-22,S3-000000891
ORDERS-00000892,cklotz@example.com,North James,2230.13,error,2025-07-29,S3-000000892
ORDERS-00000893,cathleen87@example.org,Delmas,2131.15,error,2025-10-03,S3-000000893
ORDERS-00000894,christophepruvost@example.org,Saint Raymond-sur-Mer,2220.1,ok,2025-12-06,S3-000000894
ORDERS-00000895,melaniejohnson@example.net,Bonneau-la-Forêt,212.73,ok,2025-10-01,S3-000000895
ORDERS-00000896,pacedanielle@example.net,Mallersdorf,3074.64,ok,2025-06-12,S3-000000896
ORDERS-00000897,xoderwald@example.net,Badalzungen,1373.5,new,2026-02-17,S3-000000897
ORDERS-00000898,zstewart@example.org,New Lindseybury,376.13,error,2025-08-09,S3-000000898
ORDERS-00000899,hans-rainergehringer@example.com,Lake Colleentown,2031.64,error,,S3-000000899
ORDERS-00000900,melissa43@example.org,West Marissa,,error,2025-09-15,S3-000000900
ORDERS-00000901,wulfdorit@example.net,Lake Seanville,800.77,new,2025-03-21,S3-000000901
ORDERS-00000902,sjohann@example.org,Meißen,714.75,error,2025-06-23,S3-000000902
ORDERS-00000903,gfrancois@example.net,Haldensleben,3390.77,ok,2025-07-31,S3-000000903
ORDERS-00000904,mheintze@example.net,Sainte Alice,174.96,new,2025-12-31,S3-000000904
,morgansharon@example.org,Brianaville,1180.74,error,2025-03-02,S3-000000905
ORDERS-00000906,allainsophie@example.org,Diaz,1832.28,ok,2025-06-05,S3-000000906
ORDERS-00000907,nolson@example.com,Dessau,4747.39,,2025-03-21,S3-000000907
ORDERS-00000908,corinne68@example.net,Brandyside,3025.87,error,2025-04-24,S3-000000908
ORDERS-00000909,carrie45@example.org,Descamps-sur-Potier,2250.16,ok,2025-03-20,S3-000000909
ORDERS-00000910,loechelmohammed@example.org,Berlin,1860.69,new,2025-05-10,S3-000000910
ORDERS-00000911,slemonnier@example.com,Delorme,2870.03,error,2025-07-06,S3-000000911
ORDERS-00000912,astrid52@example.org,,1835.38,ok,2025-05-23,S3-000000912
ORDERS-00000913,chantalferrand@example.org,Wittenberg,3248.15,new,2026-01-05,S3-000000913
ORDERS-00000914,zleclerc@example.org,Angermünde,4802.64,new,2025-07-14,S3-000000914
ORDERS-00000915,faustklaus-peter@example.com,Bad Liebenwerda,3678.64,ok,2025-05-14,S3-000000915
ORDERS-00000916,halil34@example.net,Rastatt,2589.21,error,2025-05-06,S3-000000916
ORDERS-00000917,gierschnermeryem@example.com,Säckingen,589.69,ok,2025-07-23,S3-000000917
ORDERS-00000918,maillotmarc@example.com,West Lisa,3520.49,new,2025-05-03,S3-000000918
ORDERS-00000919,emendes@example.org,Erkelenz,4981.83,ok,2025-09-20,S3-000000919
ORDERS-00000920,louis63@example.org,Roche-sur-Regnier,3470.21,ok,2025-12-29,S3-000000920
ORDERS-00000921,ivan04@example.org,Camus-sur-Lacroix,1001.69,new,2025-03-29,S3-000000921
ORDERS-00000922,jacksonpaul@example.net,Didier,4264.28,ok,2025-08-25,S3-000000922
ORDERS-00000923,ingrid58@example.net,Wellsshire,864.11,,2025-10-31,S3-000000923
ORDERS-00000924,guillaumematthieu@example.org,South Jeffery,2226.11,new,2026-02-06,S3-000000924
ORDERS-00000925,selenabrooks@example.net,Wolmirstedt,4052.76,ok,2025-06-20,S3-000000925
ORDERS-00000926,jerry07@example.net,Launay,3339.53,error,2025-08-26,S3-000000926
ORDERS-00000927,frichardson@example.com,Johnsonmouth,325.63,error,2025-06-09,S3-000000927
ORDERS-00000928,pelletieremile@example.com,MorvanBourg,1452.52,ok,2026-02-20,S3-000000928
ORDERS-00000929,drubinclaas@example.com,Holzminden,,error,2025-11-15,S3-000000929
ORDERS-00000930,kevin43@example.net,Chrétien,3548.11,error,2025-12-10,S3-000000930
ORDERS-00000931,alain44@example.com,Underwoodtown,3188.86,ok,2025-11-07,S3-000000931
ORDERS-00000932,anastasiedumas@example.org,Reynaud,2544.27,new,2025-09-14,S3-000000932
ORDERS-00000933,dmace@example.com,Erfurt,4925.68,new,2025-12-22,S3-000000933
ORDERS-00000934,clacroix@example.com,Sainte Guillaume,,ok,2026-01-31,S3-000000934
ORDERS-00000935,therese07@example.net,Jeremiahchester,132.39,error,2025-12-15,S3-000000935
ORDERS-00000936,mark09@example.org,Hohenstein-Ernstthal,2861.81,ok,2025-10-28,S3-000000936
ORDERS-00000937,nweber@example.com,Erfurt,4018.5,error,2025-04-09,S3-000000937
ORDERS-00000938,tfowler@example.org,Sulzbach-Rosenberg,649.73,new,2025-05-05,S3-000000938
ORDERS-00000939,lbauer@example.org,Güstrow,329.67,ok,2025-05-27,S3-000000939
ORDERS-00000940,gibsonmiguel@example.org,Lörrach,4997.98,error,2025-04-27,S3-000000940
ORDERS-00000941,apollonialindner@example.com,Sainte Lucas-les-Bains,2393.85,ok,2025-06-26,S3-000000941
,kmoore@example.com,Gaudin,3846.05,error,2025-11-18,S3-000000942
ORDERS-00000943,james27@example.org,New Mark,369.68,ok,2026-02-02,S3-000000943
ORDERS-00000944,cford@example.net,Spremberg,3212.05,ok,,S3-000000944
ORDERS-00000945,anais92@example.com,Schwarzenberg,2329.7,error,2025-08-12,S3-000000945
ORDERS-00000946,lbartlett@example.net,Sainte MartheVille,1723.23,,2026-02-04,S3-000000946
ORDERS-00000947,rebecca84@example.net,Niesky,3199.33,new,2025-12-18,S3-000000947
ORDERS-00000948,tessierdenis@example.org,Lejeune,3839.14,new,2025-05-01,S3-000000948
ORDERS-00000949,williammurray@example.org,Weberboeuf,2163.66,new,2025-07-31,S3-000000949
ORDERS-00000950,abender@example.com,Hofgeismar,4157.12,error,2025-12-13,S3-000000950
,fmurray@example.net,Delannoy,765.92,new,2025-04-21,S3-000000951
ORDERS-00000952,mckenzie20@example.net,Haldensleben,810.67,error,2025-09-21,S3-000000952
,eroy@example.net,Döbeln,1128.13,error,2025-07-15,S3-000000953
ORDERS-00000954,innabeer@example.net,Pichon,4474.73,new,2025-03-16,S3-000000954
ORDERS-00000955,perriermarie@example.com,New Adamfurt,1253.78,error,2026-02-21,S3-000000955
ORDERS-00000956,sibilla33@example.org,Augsburg,4781.8,ok,2025-07-06,S3-000000956
ORDERS-00000957,hartmannveronica@example.org,Ramos,626.73,ok,2025-03-15,S3-000000957
ORDERS-00000958,,Potsdam,3072.53,new,2026-02-25,S3-000000958
ORDERS-00000959,halldaniel@example.com,Lobenstein,2513.36,new,2025-06-28,S3-000000959
ORDERS-00000960,dhahn@example.org,Stadtroda,2959.45,error,2025-07-19,S3-000000960
ORDERS-00000961,harloffsalvatore@example.com,Henry-les-Bains,771.82,error,2025-04-03,S3-000000961
ORDERS-00000962,louise62@example.com,Strasburg,3122.77,error,2025-03-24,S3-000000962
ORDERS-00000963,franklinbrenda@example.com,Gaudin,1688.76,error,2025-11-26,S3-000000963
ORDERS-00000964,amirschmiedt@example.org,Lake Roy,206.93,new,2025-10-24,S3-000000964
ORDERS-00000965,etzlerphilip@example.com,East Nicholas,407.03,error,2025-03-12,S3-000000965
ORDERS-00000966,,Dawnton,3855.34,ok,2025-12-30,S3-000000966
ORDERS-00000967,karen35@example.com,Plauen,3256.0,error,2026-02-13,S3-000000967
ORDERS-00000968,suzannetorres@example.net,Raynaud,2083.52,error,2025-09-16,S3-000000968
ORDERS-00000969,scottsmith@example.com,Badoberan,152.4,error,2025-04-21,S3-000000969
ORDERS-00000970,dirkgerlach@example.net,Huet,2728.34,error,2025-03-28,S3-000000970
ORDERS-00000971,ucollins@example.org,Eisenberg,4783.29,ok,2025-06-02,S3-000000971
ORDERS-00000972,barbara34@example.com,Lichtenfels,1225.14,error,2025-05-02,S3-000000972
ORDERS-00000973,nhenderson@example.net,Port Stephanie,2031.06,ok,2025-03-05,S3-000000973
ORDERS-00000974,wdickerson@example.com,Brunet-les-Bains,365.79,new,2025-07-23,S3-000000974
ORDERS-00000975,,West Derrickfort,791.24,ok,2025-04-27,S3-000000975
ORDERS-00000976,aumannnathalie@example.net,Marin,2421.77,new,2026-02-20,S3-000000976
ORDERS-00000977,xwaller@example.com,Danielleshire,1701.62,new,2025-08-03,S3-000000977
ORDERS-00000978,krauseswetlana@example.net,Zossen,1563.6,error,2025-06-05,S3-000000978
ORDERS-00000979,danielle75@example.net,Magdeburg,1597.26,ok,2025-06-01,S3-000000979
ORDERS-00000980,xbeer@example.net,Saint Raymond,4876.9,,2025-08-21,S3-000000980
ORDERS-00000981,pierrehoarau@example.net,Richard,3803.56,error,2025-12-22,S3-000000981
ORDERS-00000982,tkruschwitz@example.net,Lüneburg,2808.69,ok,2026-01-14,S3-000000982
ORDERS-00000983,heather88@example.net,Jessicaland,1209.45,new,2025-10-31,S3-000000983
ORDERS-00000984,sylvie24@example.net,Vechta,1338.09,new,2025-02-28,S3-000000984
ORDERS-00000985,gackermann@example.org,Hardynec,705.25,new,2025-06-17,S3-000000985
,lpicard@example.com,,1451.77,ok,2025-05-07,S3-000000986
ORDERS-00000987,lebretonhelene@example.org,Beeskow,4320.96,ok,2025-05-07,S3-000000987
ORDERS-00000988,sabrina67@example.net,Saint Édouard-la-Forêt,1242.1,new,2025-07-22,S3-000000988
ORDERS-00000989,carlo50@example.net,Neuss,4067.58,error,2025-12-18,S3-000000989
ORDERS-00000990,bolanderjost@example.org,Dupont-sur-Pereira,3605.92,new,2025-09-16,S3-000000990
ORDERS-00000991,hschleich@example.com,Shermanchester,3815.84,ok,2025-07-19,S3-000000991
ORDERS-00000992,thomas35@example.net,Bishopstad,4979.85,,2026-01-05,S3-000000992
ORDERS-00000993,meyerortrud@example.net,North Carolyn,2494.3,ok,2025-06-14,S3-000000993
ORDERS-00000994,alexandriesauvage@example.net,Buissonnec,2487.35,new,2025-05-09,S3-000000994
ORDERS-00000995,alf50@example.net,Hallfort,4726.22,error,2025-12-10,S3-000000995
ORDERS-00000996,levequeaurelie@example.com,Sainte Théodore-sur-Mer,2286.7,new,2025-04-22,S3-000000996
,rodriguezcolette@example.org,Jacksonmouth,1076.51,ok,2025-09-01,S3-000000997
ORDERS-00000998,patricklecomte@example.org,Saint BernadetteVille,244.24,ok,2026-02-21,S3-000000998
ORDERS-00000999,omiranda@example.net,Lynnville,2474.98,error,2025-04-19,S3-000000999
ORDERS-00000274,charlottepoelitz@example.org,Roy-les-Bains,692.73,new,2025-06-22,S3-000001000
ORDERS-00000209,magda78@example.com,Hofgeismar,893.66,ok,2025-06-29,S3-000001001
ORDERS-00000677,bradleysavannah@example.com,Richardland,4607.77,ok,2025-09-21,S3-000001002
ORDERS-00000200,matthewthomas@example.net,Theresaberg,1748.94,new,2025-09-13,S3-000001003
ORDERS-00000157,qjacquet@example.net,,1425.65,ok,2025-10-10,S3-000001004
ORDERS-00000062,matthew64@example.com,South Andrewside,3401.74,new,2025-07-11,S3-000001005
,gabriellegermain@example.net,Edwardsburgh,3544.22,new,2026-02-15,S3-000001006
ORDERS-00000505,richardrodriguez@example.org,Leblanc,,error,2026-01-03,S3-000001007
ORDERS-00000411,biggenhelen@example.org,Jamesside,4298.17,new,2025-08-29,S3-000001008
ORDERS-00000695,loestrovsky@example.org,Saint Madeleine,555.34,error,2025-06-16,S3-000001009
ORDERS-00000421,lerouxfrancois@example.com,Colasdan,4606.04,ok,2025-10-21,S3-000001010
ORDERS-00000478,bradclark@example.com,Hardinton,4187.54,error,2025-11-04,S3-000001011
ORDERS-00000005,arnoldmaria@example.net,Lake Chad,2952.87,new,2025-05-25,S3-000001012
ORDERS-00000541,jamesskinner@example.com,Warendorf,1979.63,new,2025-07-25,S3-000001013
ORDERS-00000720,claire98@example.net,Torresberg,2184.12,new,2025-05-03,S3-000001014
ORDERS-00000462,kreszentia76@example.com,Sainte Hugues,69.36,ok,2025-05-22,S3-000001015
ORDERS-00000548,susan73@example.org,Pelletier-les-Bains,1095.8,new,2026-02-10,S3-000001016
ORDERS-00000265,glassgabrielle@example.com,Descamps-sur-David,3718.53,ok,2026-02-21,S3-000001017
ORDERS-00000105,hebertjacques@example.net,North Markton,2881.48,new,2025-07-15,S3-000001018
,paulettedufour@example.com,Coulon,618.82,ok,2025-11-06,S3-000001019
ORDERS-00000396,soelzeraleksandra@example.com,Sullivanton,1129.21,error,2025-11-27,S3-000001020
ORDERS-00000379,astark@example.net,Barbe-sur-Humbert,228.53,new,2025-08-05,S3-000001021
ORDERS-00000923,ingrid58@example.net,Wellsshire,864.11,,2025-10-31,S3-000001022
ORDERS-00000089,salmonmargot@example.com,Saint Charlotte,3776.57,error,2025-11-06,S3-000001023
ORDERS-00000279,kdiaz@example.org,ArnaudVille,312.27,ok,2025-08-24,S3-000001024
ORDERS-00000915,faustklaus-peter@example.com,Bad Liebenwerda,3678.64,ok,2025-05-14,S3-000001025
ORDERS-00000144,bweinhold@example.org,Perleberg,2826.57,ok,2025-05-26,S3-000001026
ORDERS-00000434,jenniferrodriguez@example.com,Meppen,202.12,new,2025-11-08,S3-000001027
ORDERS-00000302,imartin@example.org,Ribnitz-Damgarten,3806.39,ok,2025-09-20,S3-000001028
ORDERS-00000572,levyandree@example.com,Nördlingen,70.58,error,,S3-000001029
ORDERS-00000032,mielcarekelse@example.net,Pirmasens,1851.53,new,2025-09-10,S3-000001030
ORDERS-00000926,jerry07@example.net,Launay,3339.53,error,2025-08-26,S3-000001031
ORDERS-00000760,fvan-der-dussen@example.com,Allain-sur-Maillard,2189.35,ok,2025-07-31,S3-000001032
ORDERS-00000868,trousseau@example.com,Wittstock,,new,2025-02-26,S3-000001033
ORDERS-00000691,arnaude72@example.org,Parsberg,2120.65,error,2025-08-05,S3-000001034
ORDERS-00000295,baileyhenderson@example.com,Lemonnier-les-Bains,2671.08,ok,2025-05-01,S3-000001035
ORDERS-00000836,mmclaughlin@example.net,Da Silva,1280.36,new,2025-07-31,S3-000001036
,wconradi@example.org,Sebnitz,2246.6,ok,2025-12-30,S3-000001037
,malletisabelle@example.net,Sainte Jean,1640.7,error,2025-06-16,S3-000001038
,ktroest@example.org,Kronach,377.69,error,2025-09-29,S3-000001039
ORDERS-00000473,lunapatricia@example.net,Sainte Pauline,4320.27,ok,2025-05-19,S3-000001040
ORDERS-00000009,sigridrosenow@example.net,Lake Victor,3580.38,error,2025-08-23,S3-000001041
ORDERS-00000125,hofmannnatali@example.org,Eisenach,1895.49,ok,2025-11-09,S3-000001042
ORDERS-00000387,joshuacolon@example.net,Lake Anthonystad,1263.14,ok,2025-10-14,S3-000001043
ORDERS-00000954,innabeer@example.net,Pichon,4474.73,new,2025-03-16,S3-000001044
ORDERS-00000775,oharris@example.org,Hervé,1551.85,error,2025-03-16,S3-000001045
ORDERS-00000736,jonasjacob@example.net,,3799.63,ok,2025-05-06,S3-000001046
ORDERS-00000750,jacquelinebourgeois@example.org,Leroy,2772.03,error,2025-04-23,S3-000001047
ORDERS-00000366,amy17@example.net,Goncalves,,ok,2025-03-26,S3-000001048
ORDERS-00000757,melissajacobson@example.com,Colin,4911.95,new,2025-11-14,S3-000001049
ORDERS-00000721,toddarellano@example.org,Güstrow,1217.34,error,2025-05-01,S3-000001050
ORDERS-00000047,amelie46@example.com,Angelaborough,1978.76,error,2025-11-11,S3-000001051
ORDERS-00000470,mandy56@example.org,Gotha,2284.48,new,2025-11-29,S3-000001052
ORDERS-00000526,kpasquier@example.org,Wesel,3189.89,ok,,S3-000001053
ORDERS-00000024,apolloniameister@example.org,West Steven,4427.37,ok,2025-08-17,S3-000001054
ORDERS-00000921,ivan04@example.org,Camus-sur-Lacroix,1001.69,new,2025-03-29,S3-000001055
ORDERS-00000271,xprevost@example.org,Hechingen,3568.01,new,2025-07-15,S3-000001056
ORDERS-00000837,dhall@example.net,Roding,2744.47,error,2025-09-28,S3-000001057
ORDERS-00000927,frichardson@example.com,Johnsonmouth,325.63,error,2025-06-09,S3-000001058
ORDERS-00000939,lbauer@example.org,Güstrow,329.67,ok,2025-05-27,S3-000001059
ORDERS-00000594,henningbeckmann@example.com,Lübben,3274.95,ok,,S3-000001060
ORDERS-00000621,genevieve58@example.net,Roding,872.06,new,2025-07-04,S3-000001061
ORDERS-00000584,bgarner@example.com,Monnier,3246.55,new,2025-06-23,S3-000001062
ORDERS-00000681,ekrebs@example.net,Didier,3166.23,new,2026-01-15,S3-000001063
ORDERS-00000361,maurice92@example.com,Davidtown,3459.24,,2025-10-06,S3-000001064
ORDERS-00000267,patrick21@example.net,Vincent,4199.47,ok,2025-08-14,S3-000001065
ORDERS-00000477,nathaliefoucher@example.com,East Kathleenbury,1414.91,ok,2025-06-08,S3-000001066
ORDERS-00000536,antoinette31@example.org,Calau,4996.87,ok,2025-08-21,S3-000001067
ORDERS-00000202,hoffmanntraudel@example.com,Menard-les-Bains,966.46,ok,2026-02-23,S3-000001068
ORDERS-00000512,abonneau@example.net,Kitzingen,3802.09,error,2025-06-28,S3-000001069
ORDERS-00000538,,Lake Samuel,2860.04,error,2025-05-27,S3-000001070
ORDERS-00000325,collinssamuel@example.org,Brand,1215.0,error,2025-04-12,S3-000001071
ORDERS-00000529,isims@example.net,Bad Brückenau,4506.15,error,2025-07-14,S3-000001072
ORDERS-00000393,gmary@example.org,Guilbert,426.82,new,2025-10-14,S3-000001073
ORDERS-00000614,alicia95@example.org,Mahe-sur-Dijoux,15.17,new,2025-10-29,S3-000001074
ORDERS-00000912,astrid52@example.org,,1835.38,ok,2025-05-23,S3-000001075
ORDERS-00000698,julievillanueva@example.org,Geithain,228.04,ok,2025-05-29,S3-000001076
ORDERS-00000633,mwhite@example.net,Chauvetboeuf,3430.8,ok,2025-07-05,S3-000001077
ORDERS-00000313,denisehecker@example.net,PetitVille,2368.33,new,2025-07-09,S3-000001078
ORDERS-00000041,reneleroux@example.net,Bad Kissingen,1146.01,new,2025-05-23,S3-000001079
ORDERS-00000955,perriermarie@example.com,New Adamfurt,1253.78,error,2026-02-21,S3-000001080
ORDERS-00000082,michelle64@example.net,Saint Paulette,429.18,ok,2025-10-26,S3-000001081
ORDERS-00000647,,Jenniferfurt,2150.92,new,2025-08-14,S3-000001082
ORDERS-00000663,noahthornton@example.com,New Monica,258.18,ok,2025-06-18,S3-000001083
,sarah84@example.org,Maryshire,355.89,error,2025-09-04,S3-000001084
ORDERS-00000137,xroerricht@example.net,Michel-la-Forêt,401.48,new,2025-05-07,S3-000001085
ORDERS-00000083,gertrude12@example.org,Ebermannstadt,4080.3,error,2025-08-03,S3-000001086
ORDERS-00000528,garciachristine@example.org,Ruiz-sur-Mer,4494.64,ok,2025-12-09,S3-000001087
ORDERS-00000122,eckehard58@example.net,South Joshuaville,832.39,ok,2025-04-02,S3-000001088
ORDERS-00000687,rnguyen@example.net,Lebrun,2981.52,new,2025-12-19,S3-000001089
ORDERS-00000479,padillaadrienne@example.com,Delorme,4994.51,ok,2025-10-05,S3-000001090
ORDERS-00000694,patricia88@example.org,West Brian,569.97,ok,,S3-000001091
ORDERS-00000628,le-rouxchantal@example.org,Aschaffenburg,217.78,error,2025-12-17,S3-000001092
ORDERS-00000858,dennismckenzie@example.com,MonnierBourg,1269.0,new,2025-12-16,S3-000001093
ORDERS-00000417,joseph01@example.org,Kamenz,4542.15,new,2025-06-27,S3-000001094
ORDERS-00000162,kbrunet@example.org,Gaillard-sur-Mace,4658.85,new,2025-03-14,S3-000001095
ORDERS-00000472,tony12@example.net,Sainte Valérie-les-Bains,2541.7,new,2025-05-13,S3-000001096
ORDERS-00000613,netteisabell@example.net,Launay,3943.43,error,2026-01-21,S3-000001097
ORDERS-00000310,hdurand@example.org,Smithchester,4748.11,new,2025-11-20,S3-000001098
ORDERS-00000065,merletherese@example.org,New Anthonyport,1701.54,ok,2025-11-16,S3-000001099
